eco_id,eco_name,biome_num,biome_name,realm,license
0,Rock and Ice,11,N/A,N/A,CC-BY 4.0
1,Albertine Rift montane forests,1,Tropical & Subtropical Moist Broadleaf Forests,Afrotropic,CC-BY 4.0
2,Cameroon Highlands forests,1,Tropical & Subtropical Moist Broadleaf Forests,Afrotropic,CC-BY 4.0
3,Central Congolian lowland forests,1,Tropical & Subtropical Moist Broadleaf Forests,Afrotropic,CC-BY 4.0
4,Comoros forests,1,Tropical & Subtropical Moist Broadleaf Forests,Afrotropic,CC-BY 4.0
5,Congolian coastal forests,1,Tropical & Subtropical Moist Broadleaf Forests,Afrotropic,CC-BY 4.0
6,Cross-Niger transition forests,1,Tropical & Subtropical Moist Broadleaf Forests,Afrotropic,CC-BY 4.0
7,Cross-Sanaga-Bioko coastal forests,1,Tropical & Subtropical Moist Broadleaf Forests,Afrotropic,CC-BY 4.0
8,East African montane forests,1,Tropical & Subtropical Moist Broadleaf Forests,Afrotropic,CC-BY 4.0
9,Eastern Arc forests,1,Tropical & Subtropical Moist Broadleaf Forests,Afrotropic,CC-BY 4.0
10,Eastern Congolian swamp forests,1,Tropical & Subtropical Moist Broadleaf Forests,Afrotropic,CC-BY 4.0
11,Eastern Guinean forests,1,Tropical & Subtropical Moist Broadleaf Forests,Afrotropic,CC-BY 4.0
12,Ethiopian montane forests,1,Tropical & Subtropical Moist Broadleaf Forests,Afrotropic,CC-BY 4.0
13,Granitic Seychelles forests,1,Tropical & Subtropical Moist Broadleaf Forests,Afrotropic,CC-BY 4.0
14,Guinean montane forests,1,Tropical & Subtropical Moist Broadleaf Forests,Afrotropic,CC-BY 4.0
15,Knysna-Amatole montane forests,1,Tropical & Subtropical Moist Broadleaf Forests,Afrotropic,CC-BY 4.0
16,Kwazulu Natal-Cape coastal forests,1,Tropical & Subtropical Moist Broadleaf Forests,Afrotropic,CC-BY 4.0
17,Madagascar humid forests,1,Tropical & Subtropical Moist Broadleaf Forests,Afrotropic,CC-BY 4.0
18,Madagascar subhumid forests,1,Tropical & Subtropical Moist Broadleaf Forests,Afrotropic,CC-BY 4.0
19,Maputaland coastal forests and woodlands,1,Tropical & Subtropical Moist Broadleaf Forests,Afrotropic,CC-BY 4.0
20,Mascarene forests,1,Tropical & Subtropical Moist Broadleaf Forests,Afrotropic,CC-BY 4.0
21,Mount Cameroon and Bioko montane forests,1,Tropical & Subtropical Moist Broadleaf Forests,Afrotropic,CC-BY 4.0
22,Niger Delta swamp forests,1,Tropical & Subtropical Moist Broadleaf Forests,Afrotropic,CC-BY 4.0
23,Nigerian lowland forests,1,Tropical & Subtropical Moist Broadleaf Forests,Afrotropic,CC-BY 4.0
24,Northeast Congolian lowland forests,1,Tropical & Subtropical Moist Broadleaf Forests,Afrotropic,CC-BY 4.0
25,Northern Swahili coastal forests,1,Tropical & Subtropical Moist Broadleaf Forests,Afrotropic,CC-BY 4.0
26,Northwest Congolian lowland forests,1,Tropical & Subtropical Moist Broadleaf Forests,Afrotropic,CC-BY 4.0
27,"São Tomé, Príncipe, and Annobón forests",1,Tropical & Subtropical Moist Broadleaf Forests,Afrotropic,CC-BY 4.0
28,Southern Swahili coastal forests and woodlands,1,Tropical & Subtropical Moist Broadleaf Forests,Afrotropic,CC-BY 4.0
29,Western Congolian swamp forests,1,Tropical & Subtropical Moist Broadleaf Forests,Afrotropic,CC-BY 4.0
30,Western Guinean lowland forests,1,Tropical & Subtropical Moist Broadleaf Forests,Afrotropic,CC-BY 4.0
31,Cape Verde Islands dry forests,2,Tropical & Subtropical Dry Broadleaf Forests,Afrotropic,CC-BY 4.0
32,Madagascar dry deciduous forests,2,Tropical & Subtropical Dry Broadleaf Forests,Afrotropic,CC-BY 4.0
33,Zambezian evergreen dry forests,2,Tropical & Subtropical Dry Broadleaf Forests,Afrotropic,CC-BY 4.0
34,Angolan mopane woodlands,7,"Tropical & Subtropical Grasslands, Savannas & Shrublands",Afrotropic,CC-BY 4.0
35,Angolan scarp savanna and woodlands,7,"Tropical & Subtropical Grasslands, Savannas & Shrublands",Afrotropic,CC-BY 4.0
36,Angolan wet miombo woodlands,7,"Tropical & Subtropical Grasslands, Savannas & Shrublands",Afrotropic,CC-BY 4.0
37,Ascension scrub and grasslands,7,"Tropical & Subtropical Grasslands, Savannas & Shrublands",Afrotropic,CC-BY 4.0
38,Central bushveld,7,"Tropical & Subtropical Grasslands, Savannas & Shrublands",Afrotropic,CC-BY 4.0
39,Central Zambezian wet miombo woodlands,7,"Tropical & Subtropical Grasslands, Savannas & Shrublands",Afrotropic,CC-BY 4.0
40,Drakensberg Escarpment savanna and thicket,7,"Tropical & Subtropical Grasslands, Savannas & Shrublands",Afrotropic,CC-BY 4.0
41,Drakensberg grasslands,7,"Tropical & Subtropical Grasslands, Savannas & Shrublands",Afrotropic,CC-BY 4.0
42,Dry miombo woodlands,7,"Tropical & Subtropical Grasslands, Savannas & Shrublands",Afrotropic,CC-BY 4.0
43,East Sudanian savanna,7,"Tropical & Subtropical Grasslands, Savannas & Shrublands",Afrotropic,CC-BY 4.0
44,Guinean forest-savanna,7,"Tropical & Subtropical Grasslands, Savannas & Shrublands",Afrotropic,CC-BY 4.0
45,Horn of Africa xeric bushlands,7,"Tropical & Subtropical Grasslands, Savannas & Shrublands",Afrotropic,CC-BY 4.0
46,Itigi-Sumbu thicket,7,"Tropical & Subtropical Grasslands, Savannas & Shrublands",Afrotropic,CC-BY 4.0
47,Kalahari Acacia woodlands,7,"Tropical & Subtropical Grasslands, Savannas & Shrublands",Afrotropic,CC-BY 4.0
48,Limpopo lowveld,7,"Tropical & Subtropical Grasslands, Savannas & Shrublands",Afrotropic,CC-BY 4.0
49,Mandara Plateau woodlands,7,"Tropical & Subtropical Grasslands, Savannas & Shrublands",Afrotropic,CC-BY 4.0
50,Masai xeric grasslands and shrublands,7,"Tropical & Subtropical Grasslands, Savannas & Shrublands",Afrotropic,CC-BY 4.0
51,Northern Acacia-Commiphora bushlands and thickets,7,"Tropical & Subtropical Grasslands, Savannas & Shrublands",Afrotropic,CC-BY 4.0
52,Northern Congolian Forest-Savanna,7,"Tropical & Subtropical Grasslands, Savannas & Shrublands",Afrotropic,CC-BY 4.0
53,Sahelian Acacia savanna,7,"Tropical & Subtropical Grasslands, Savannas & Shrublands",Afrotropic,CC-BY 4.0
54,Serengeti volcanic grasslands,7,"Tropical & Subtropical Grasslands, Savannas & Shrublands",Afrotropic,CC-BY 4.0
55,Somali Acacia-Commiphora bushlands and thickets,7,"Tropical & Subtropical Grasslands, Savannas & Shrublands",Afrotropic,CC-BY 4.0
56,"South Arabian fog woodlands, shrublands, and dune",7,"Tropical & Subtropical Grasslands, Savannas & Shrublands",Afrotropic,CC-BY 4.0
57,Southern Acacia-Commiphora bushlands and thickets,7,"Tropical & Subtropical Grasslands, Savannas & Shrublands",Afrotropic,CC-BY 4.0
58,Southern Congolian forest-savanna,7,"Tropical & Subtropical Grasslands, Savannas & Shrublands",Afrotropic,CC-BY 4.0
59,Southwest Arabian montane woodlands and grasslands,7,"Tropical & Subtropical Grasslands, Savannas & Shrublands",Afrotropic,CC-BY 4.0
60,St. Helena scrub and woodlands,7,"Tropical & Subtropical Grasslands, Savannas & Shrublands",Afrotropic,CC-BY 4.0
61,Victoria Basin forest-savanna,7,"Tropical & Subtropical Grasslands, Savannas & Shrublands",Afrotropic,CC-BY 4.0
62,West Sudanian savanna,7,"Tropical & Subtropical Grasslands, Savannas & Shrublands",Afrotropic,CC-BY 4.0
63,Western Congolian forest-savanna,7,"Tropical & Subtropical Grasslands, Savannas & Shrublands",Afrotropic,CC-BY 4.0
64,Zambezian Baikiaea woodlands,7,"Tropical & Subtropical Grasslands, Savannas & Shrublands",Afrotropic,CC-BY 4.0
65,Zambezian mopane woodlands,7,"Tropical & Subtropical Grasslands, Savannas & Shrublands",Afrotropic,CC-BY 4.0
66,Zambezian-Limpopo mixed woodlands,7,"Tropical & Subtropical Grasslands, Savannas & Shrublands",Afrotropic,CC-BY 4.0
67,Amsterdam-Saint Paul Islands temperate grasslands,8,"Temperate Grasslands, Savannas & Shrublands",Afrotropic,CC-BY 4.0
68,Tristan Da Cunha-Gough Islands shrub and grasslands,8,"Temperate Grasslands, Savannas & Shrublands",Afrotropic,CC-BY 4.0
69,East African halophytics,9,Flooded Grasslands & Savannas,Afrotropic,CC-BY 4.0
70,Etosha Pan halophytics,9,Flooded Grasslands & Savannas,Afrotropic,CC-BY 4.0
71,Inner Niger Delta flooded savanna,9,Flooded Grasslands & Savannas,Afrotropic,CC-BY 4.0
72,Lake Chad flooded savanna,9,Flooded Grasslands & Savannas,Afrotropic,CC-BY 4.0
73,Makgadikgadi halophytics,9,Flooded Grasslands & Savannas,Afrotropic,CC-BY 4.0
74,Sudd flooded grasslands,9,Flooded Grasslands & Savannas,Afrotropic,CC-BY 4.0
75,Zambezian coastal flooded savanna,9,Flooded Grasslands & Savannas,Afrotropic,CC-BY 4.0
76,Zambezian flooded grasslands,9,Flooded Grasslands & Savannas,Afrotropic,CC-BY 4.0
77,Angolan montane forest-grassland,10,Montane Grasslands & Shrublands,Afrotropic,CC-BY 4.0
78,East African montane moorlands,10,Montane Grasslands & Shrublands,Afrotropic,CC-BY 4.0
79,Ethiopian montane grasslands and woodlands,10,Montane Grasslands & Shrublands,Afrotropic,CC-BY 4.0
80,Ethiopian montane moorlands,10,Montane Grasslands & Shrublands,Afrotropic,CC-BY 4.0
81,Highveld grasslands,10,Montane Grasslands & Shrublands,Afrotropic,CC-BY 4.0
82,Jos Plateau forest-grassland,10,Montane Grasslands & Shrublands,Afrotropic,CC-BY 4.0
83,Madagascar ericoid thickets,10,Montane Grasslands & Shrublands,Afrotropic,CC-BY 4.0
84,Mulanje Montane forest-grassland,10,Montane Grasslands & Shrublands,Afrotropic,CC-BY 4.0
85,Nyanga-Chimanimani Montane forest-grassland,10,Montane Grasslands & Shrublands,Afrotropic,CC-BY 4.0
86,Rwenzori-Virunga montane moorlands,10,Montane Grasslands & Shrublands,Afrotropic,CC-BY 4.0
87,Southern Rift Montane forest-grassland,10,Montane Grasslands & Shrublands,Afrotropic,CC-BY 4.0
88,Albany thickets,12,"Mediterranean Forests, Woodlands & Scrub",Afrotropic,CC-BY 4.0
89,Fynbos shrubland,12,"Mediterranean Forests, Woodlands & Scrub",Afrotropic,CC-BY 4.0
90,Renosterveld shrubland,12,"Mediterranean Forests, Woodlands & Scrub",Afrotropic,CC-BY 4.0
91,Aldabra Island xeric scrub,13,Deserts & Xeric Shrublands,Afrotropic,CC-BY 4.0
92,Djibouti xeric shrublands,13,Deserts & Xeric Shrublands,Afrotropic,CC-BY 4.0
93,Eritrean coastal desert,13,Deserts & Xeric Shrublands,Afrotropic,CC-BY 4.0
94,Gariep Karoo,13,Deserts & Xeric Shrublands,Afrotropic,CC-BY 4.0
95,Hobyo grasslands and shrublands,13,Deserts & Xeric Shrublands,Afrotropic,CC-BY 4.0
96,Ile Europa and Bassas da India xeric scrub,13,Deserts & Xeric Shrublands,Afrotropic,CC-BY 4.0
97,Kalahari xeric savanna,13,Deserts & Xeric Shrublands,Afrotropic,CC-BY 4.0
98,Kaokoveld desert,13,Deserts & Xeric Shrublands,Afrotropic,CC-BY 4.0
99,Madagascar spiny thickets,13,Deserts & Xeric Shrublands,Afrotropic,CC-BY 4.0
100,Madagascar succulent woodlands,13,Deserts & Xeric Shrublands,Afrotropic,CC-BY 4.0
101,Nama Karoo shrublands,13,Deserts & Xeric Shrublands,Afrotropic,CC-BY 4.0
102,Namaqualand-Richtersveld steppe,13,Deserts & Xeric Shrublands,Afrotropic,CC-BY 4.0
103,Namib Desert,13,Deserts & Xeric Shrublands,Afrotropic,CC-BY 4.0
104,Namibian savanna woodlands,13,Deserts & Xeric Shrublands,Afrotropic,CC-BY 4.0
105,Socotra Island xeric shrublands,13,Deserts & Xeric Shrublands,Afrotropic,CC-BY 4.0
106,Somali montane xeric woodlands,13,Deserts & Xeric Shrublands,Afrotropic,CC-BY 4.0
107,Southwest Arabian coastal xeric shrublands,13,Deserts & Xeric Shrublands,Afrotropic,CC-BY 4.0
108,Southwest Arabian Escarpment shrublands and woodlands,13,Deserts & Xeric Shrublands,Afrotropic,CC-BY 4.0
109,Southwest Arabian highland xeric scrub,13,Deserts & Xeric Shrublands,Afrotropic,CC-BY 4.0
110,Succulent Karoo xeric shrublands,13,Deserts & Xeric Shrublands,Afrotropic,CC-BY 4.0
111,Central African mangroves,14,Mangroves,Afrotropic,CC-BY 4.0
112,East African mangroves,14,Mangroves,Afrotropic,CC-BY 4.0
113,Guinean mangroves,14,Mangroves,Afrotropic,CC-BY 4.0
114,Madagascar mangroves,14,Mangroves,Afrotropic,CC-BY 4.0
115,Red Sea mangroves,14,Mangroves,Afrotropic,CC-BY 4.0
116,Southern Africa mangroves,14,Mangroves,Afrotropic,CC-BY 4.0
117,Adelie Land tundra,11,Tundra,Antarctica,CC-BY 4.0
118,Central South Antarctic Peninsula tundra,11,Tundra,Antarctica,CC-BY 4.0
119,Dronning Maud Land tundra,11,Tundra,Antarctica,CC-BY 4.0
120,East Antarctic tundra,11,Tundra,Antarctica,CC-BY 4.0
121,Ellsworth Land tundra,11,Tundra,Antarctica,CC-BY 4.0
122,Ellsworth Mountains tundra,11,Tundra,Antarctica,CC-BY 4.0
123,Enderby Land tundra,11,Tundra,Antarctica,CC-BY 4.0
124,Marie Byrd Land tundra,11,Tundra,Antarctica,CC-BY 4.0
125,North Victoria Land tundra,11,Tundra,Antarctica,CC-BY 4.0
126,Northeast Antarctic Peninsula tundra,11,Tundra,Antarctica,CC-BY 4.0
127,Northwest Antarctic Peninsula tundra,11,Tundra,Antarctica,CC-BY 4.0
128,Prince Charles Mountains tundra,11,Tundra,Antarctica,CC-BY 4.0
129,Scotia Sea Islands tundra,11,Tundra,Antarctica,CC-BY 4.0
130,South Antarctic Peninsula tundra,11,Tundra,Antarctica,CC-BY 4.0
131,South Orkney Islands tundra,11,Tundra,Antarctica,CC-BY 4.0
132,South Victoria Land tundra,11,Tundra,Antarctica,CC-BY 4.0
133,Southern Indian Ocean Islands tundra,11,Tundra,Antarctica,CC-BY 4.0
134,Transantarctic Mountains tundra,11,Tundra,Antarctica,CC-BY 4.0
135,Admiralty Islands lowland rain forests,1,Tropical & Subtropical Moist Broadleaf Forests,Australasia,CC-BY 4.0
136,Banda Sea Islands moist deciduous forests,1,Tropical & Subtropical Moist Broadleaf Forests,Australasia,CC-BY 4.0
137,Biak-Numfoor rain forests,1,Tropical & Subtropical Moist Broadleaf Forests,Australasia,CC-BY 4.0
138,Buru rain forests,1,Tropical & Subtropical Moist Broadleaf Forests,Australasia,CC-BY 4.0
139,Central Range Papuan montane rain forests,1,Tropical & Subtropical Moist Broadleaf Forests,Australasia,CC-BY 4.0
140,Halmahera rain forests,1,Tropical & Subtropical Moist Broadleaf Forests,Australasia,CC-BY 4.0
141,Huon Peninsula montane rain forests,1,Tropical & Subtropical Moist Broadleaf Forests,Australasia,CC-BY 4.0
142,Lord Howe Island subtropical forests,1,Tropical & Subtropical Moist Broadleaf Forests,Australasia,CC-BY 4.0
143,Louisiade Archipelago rain forests,1,Tropical & Subtropical Moist Broadleaf Forests,Australasia,CC-BY 4.0
144,New Britain-New Ireland lowland rain forests,1,Tropical & Subtropical Moist Broadleaf Forests,Australasia,CC-BY 4.0
145,New Britain-New Ireland montane rain forests,1,Tropical & Subtropical Moist Broadleaf Forests,Australasia,CC-BY 4.0
146,New Caledonia rain forests,1,Tropical & Subtropical Moist Broadleaf Forests,Australasia,CC-BY 4.0
147,Norfolk Island subtropical forests,1,Tropical & Subtropical Moist Broadleaf Forests,Australasia,CC-BY 4.0
148,Northern New Guinea lowland rain and freshwater swamp forests,1,Tropical & Subtropical Moist Broadleaf Forests,Australasia,CC-BY 4.0
149,Northern New Guinea montane rain forests,1,Tropical & Subtropical Moist Broadleaf Forests,Australasia,CC-BY 4.0
150,Queensland tropical rain forests,1,Tropical & Subtropical Moist Broadleaf Forests,Australasia,CC-BY 4.0
151,Seram rain forests,1,Tropical & Subtropical Moist Broadleaf Forests,Australasia,CC-BY 4.0
152,Solomon Islands rain forests,1,Tropical & Subtropical Moist Broadleaf Forests,Australasia,CC-BY 4.0
153,Southeast Papuan rain forests,1,Tropical & Subtropical Moist Broadleaf Forests,Australasia,CC-BY 4.0
154,Southern New Guinea freshwater swamp forests,1,Tropical & Subtropical Moist Broadleaf Forests,Australasia,CC-BY 4.0
155,Southern New Guinea lowland rain forests,1,Tropical & Subtropical Moist Broadleaf Forests,Australasia,CC-BY 4.0
156,Sulawesi lowland rain forests,1,Tropical & Subtropical Moist Broadleaf Forests,Australasia,CC-BY 4.0
157,Sulawesi montane rain forests,1,Tropical & Subtropical Moist Broadleaf Forests,Australasia,CC-BY 4.0
158,Trobriand Islands rain forests,1,Tropical & Subtropical Moist Broadleaf Forests,Australasia,CC-BY 4.0
159,Vanuatu rain forests,1,Tropical & Subtropical Moist Broadleaf Forests,Australasia,CC-BY 4.0
160,Vogelkop montane rain forests,1,Tropical & Subtropical Moist Broadleaf Forests,Australasia,CC-BY 4.0
161,Vogelkop-Aru lowland rain forests,1,Tropical & Subtropical Moist Broadleaf Forests,Australasia,CC-BY 4.0
162,Yapen rain forests,1,Tropical & Subtropical Moist Broadleaf Forests,Australasia,CC-BY 4.0
163,Lesser Sundas deciduous forests,2,Tropical & Subtropical Dry Broadleaf Forests,Australasia,CC-BY 4.0
164,New Caledonia dry forests,2,Tropical & Subtropical Dry Broadleaf Forests,Australasia,CC-BY 4.0
165,Sumba deciduous forests,2,Tropical & Subtropical Dry Broadleaf Forests,Australasia,CC-BY 4.0
166,Timor and Wetar deciduous forests,2,Tropical & Subtropical Dry Broadleaf Forests,Australasia,CC-BY 4.0
167,Chatham Island temperate forests,4,Temperate Broadleaf & Mixed Forests,Australasia,CC-BY 4.0
168,Eastern Australian temperate forests,4,Temperate Broadleaf & Mixed Forests,Australasia,CC-BY 4.0
169,Fiordland temperate forests,4,Temperate Broadleaf & Mixed Forests,Australasia,CC-BY 4.0
170,Nelson Coast temperate forests,4,Temperate Broadleaf & Mixed Forests,Australasia,CC-BY 4.0
171,New Zealand North Island temperate forests,4,Temperate Broadleaf & Mixed Forests,Australasia,CC-BY 4.0
172,New Zealand South Island temperate forests,4,Temperate Broadleaf & Mixed Forests,Australasia,CC-BY 4.0
173,Northland temperate kauri forests,4,Temperate Broadleaf & Mixed Forests,Australasia,CC-BY 4.0
174,Rakiura Island temperate forests,4,Temperate Broadleaf & Mixed Forests,Australasia,CC-BY 4.0
175,Richmond temperate forests,4,Temperate Broadleaf & Mixed Forests,Australasia,CC-BY 4.0
176,Southeast Australia temperate forests,4,Temperate Broadleaf & Mixed Forests,Australasia,CC-BY 4.0
177,Tasmanian Central Highland forests,4,Temperate Broadleaf & Mixed Forests,Australasia,CC-BY 4.0
178,Tasmanian temperate forests,4,Temperate Broadleaf & Mixed Forests,Australasia,CC-BY 4.0
179,Tasmanian temperate rain forests,4,Temperate Broadleaf & Mixed Forests,Australasia,CC-BY 4.0
180,Westland temperate forests,4,Temperate Broadleaf & Mixed Forests,Australasia,CC-BY 4.0
181,Arnhem Land tropical savanna,7,"Tropical & Subtropical Grasslands, Savannas & Shrublands",Australasia,CC-BY 4.0
182,Brigalow tropical savanna,7,"Tropical & Subtropical Grasslands, Savannas & Shrublands",Australasia,CC-BY 4.0
183,Cape York Peninsula tropical savanna,7,"Tropical & Subtropical Grasslands, Savannas & Shrublands",Australasia,CC-BY 4.0
184,Carpentaria tropical savanna,7,"Tropical & Subtropical Grasslands, Savannas & Shrublands",Australasia,CC-BY 4.0
185,Einasleigh upland savanna,7,"Tropical & Subtropical Grasslands, Savannas & Shrublands",Australasia,CC-BY 4.0
186,Kimberly tropical savanna,7,"Tropical & Subtropical Grasslands, Savannas & Shrublands",Australasia,CC-BY 4.0
187,Mitchell Grass Downs,7,"Tropical & Subtropical Grasslands, Savannas & Shrublands",Australasia,CC-BY 4.0
188,Trans Fly savanna and grasslands,7,"Tropical & Subtropical Grasslands, Savannas & Shrublands",Australasia,CC-BY 4.0
189,Victoria Plains tropical savanna,7,"Tropical & Subtropical Grasslands, Savannas & Shrublands",Australasia,CC-BY 4.0
190,Canterbury-Otago tussock grasslands,8,"Temperate Grasslands, Savannas & Shrublands",Australasia,CC-BY 4.0
191,Eastern Australia mulga shrublands,8,"Temperate Grasslands, Savannas & Shrublands",Australasia,CC-BY 4.0
192,Southeast Australia temperate savanna,8,"Temperate Grasslands, Savannas & Shrublands",Australasia,CC-BY 4.0
193,Australian Alps montane grasslands,10,Montane Grasslands & Shrublands,Australasia,CC-BY 4.0
194,New Zealand South Island montane grasslands,10,Montane Grasslands & Shrublands,Australasia,CC-BY 4.0
195,Papuan Central Range sub-alpine grasslands,10,Montane Grasslands & Shrublands,Australasia,CC-BY 4.0
196,Antipodes Subantarctic Islands tundra,11,Tundra,Australasia,CC-BY 4.0
197,Coolgardie woodlands,12,"Mediterranean Forests, Woodlands & Scrub",Australasia,CC-BY 4.0
198,Esperance mallee,12,"Mediterranean Forests, Woodlands & Scrub",Australasia,CC-BY 4.0
199,Eyre and York mallee,12,"Mediterranean Forests, Woodlands & Scrub",Australasia,CC-BY 4.0
200,Flinders-Lofty montane woodlands,12,"Mediterranean Forests, Woodlands & Scrub",Australasia,CC-BY 4.0
201,Hampton mallee and woodlands,12,"Mediterranean Forests, Woodlands & Scrub",Australasia,CC-BY 4.0
202,Jarrah-Karri forest and shrublands,12,"Mediterranean Forests, Woodlands & Scrub",Australasia,CC-BY 4.0
203,Murray-Darling woodlands and mallee,12,"Mediterranean Forests, Woodlands & Scrub",Australasia,CC-BY 4.0
204,Naracoorte woodlands,12,"Mediterranean Forests, Woodlands & Scrub",Australasia,CC-BY 4.0
205,Southwest Australia savanna,12,"Mediterranean Forests, Woodlands & Scrub",Australasia,CC-BY 4.0
206,Southwest Australia woodlands,12,"Mediterranean Forests, Woodlands & Scrub",Australasia,CC-BY 4.0
207,Carnarvon xeric shrublands,13,Deserts & Xeric Shrublands,Australasia,CC-BY 4.0
208,Central Ranges xeric scrub,13,Deserts & Xeric Shrublands,Australasia,CC-BY 4.0
209,Gibson desert,13,Deserts & Xeric Shrublands,Australasia,CC-BY 4.0
210,Great Sandy-Tanami desert,13,Deserts & Xeric Shrublands,Australasia,CC-BY 4.0
211,Great Victoria desert,13,Deserts & Xeric Shrublands,Australasia,CC-BY 4.0
212,Nullarbor Plains xeric shrublands,13,Deserts & Xeric Shrublands,Australasia,CC-BY 4.0
213,Pilbara shrublands,13,Deserts & Xeric Shrublands,Australasia,CC-BY 4.0
214,Simpson desert,13,Deserts & Xeric Shrublands,Australasia,CC-BY 4.0
215,Tirari-Sturt stony desert,13,Deserts & Xeric Shrublands,Australasia,CC-BY 4.0
216,Western Australian Mulga shrublands,13,Deserts & Xeric Shrublands,Australasia,CC-BY 4.0
217,New Guinea mangroves,14,Mangroves,Australasia,CC-BY 4.0
218,Andaman Islands rain forests,1,Tropical & Subtropical Moist Broadleaf Forests,Indomalayan,CC-BY 4.0
219,Borneo lowland rain forests,1,Tropical & Subtropical Moist Broadleaf Forests,Indomalayan,CC-BY 4.0
220,Borneo montane rain forests,1,Tropical & Subtropical Moist Broadleaf Forests,Indomalayan,CC-BY 4.0
221,Borneo peat swamp forests,1,Tropical & Subtropical Moist Broadleaf Forests,Indomalayan,CC-BY 4.0
222,Brahmaputra Valley semi-evergreen forests,1,Tropical & Subtropical Moist Broadleaf Forests,Indomalayan,CC-BY 4.0
223,Cardamom Mountains rain forests,1,Tropical & Subtropical Moist Broadleaf Forests,Indomalayan,CC-BY 4.0
224,Chao Phraya freshwater swamp forests,1,Tropical & Subtropical Moist Broadleaf Forests,Indomalayan,CC-BY 4.0
225,Chao Phraya lowland moist deciduous forests,1,Tropical & Subtropical Moist Broadleaf Forests,Indomalayan,CC-BY 4.0
226,Chin Hills-Arakan Yoma montane forests,1,Tropical & Subtropical Moist Broadleaf Forests,Indomalayan,CC-BY 4.0
227,Christmas and Cocos Islands tropical forests,1,Tropical & Subtropical Moist Broadleaf Forests,Indomalayan,CC-BY 4.0
228,East Deccan moist deciduous forests,1,Tropical & Subtropical Moist Broadleaf Forests,Indomalayan,CC-BY 4.0
229,Eastern Java-Bali montane rain forests,1,Tropical & Subtropical Moist Broadleaf Forests,Indomalayan,CC-BY 4.0
230,Eastern Java-Bali rain forests,1,Tropical & Subtropical Moist Broadleaf Forests,Indomalayan,CC-BY 4.0
231,Greater Negros-Panay rain forests,1,Tropical & Subtropical Moist Broadleaf Forests,Indomalayan,CC-BY 4.0
232,Hainan Island monsoon rain forests,1,Tropical & Subtropical Moist Broadleaf Forests,Indomalayan,CC-BY 4.0
233,Himalayan subtropical broadleaf forests,1,Tropical & Subtropical Moist Broadleaf Forests,Indomalayan,CC-BY 4.0
234,Irrawaddy freshwater swamp forests,1,Tropical & Subtropical Moist Broadleaf Forests,Indomalayan,CC-BY 4.0
235,Irrawaddy moist deciduous forests,1,Tropical & Subtropical Moist Broadleaf Forests,Indomalayan,CC-BY 4.0
236,Jian Nan subtropical evergreen forests,1,Tropical & Subtropical Moist Broadleaf Forests,Indomalayan,CC-BY 4.0
237,Kayah-Karen montane rain forests,1,Tropical & Subtropical Moist Broadleaf Forests,Indomalayan,CC-BY 4.0
238,Lower Gangetic Plains moist deciduous forests,1,Tropical & Subtropical Moist Broadleaf Forests,Indomalayan,CC-BY 4.0
239,Luang Prabang montane rain forests,1,Tropical & Subtropical Moist Broadleaf Forests,Indomalayan,CC-BY 4.0
240,Luzon montane rain forests,1,Tropical & Subtropical Moist Broadleaf Forests,Indomalayan,CC-BY 4.0
241,Luzon rain forests,1,Tropical & Subtropical Moist Broadleaf Forests,Indomalayan,CC-BY 4.0
242,Malabar Coast moist forests,1,Tropical & Subtropical Moist Broadleaf Forests,Indomalayan,CC-BY 4.0
243,Maldives-Lakshadweep-Chagos Archipelago tropical moist forests,1,Tropical & Subtropical Moist Broadleaf Forests,Indomalayan,CC-BY 4.0
244,Meghalaya subtropical forests,1,Tropical & Subtropical Moist Broadleaf Forests,Indomalayan,CC-BY 4.0
245,Mentawai Islands rain forests,1,Tropical & Subtropical Moist Broadleaf Forests,Indomalayan,CC-BY 4.0
246,Mindanao montane rain forests,1,Tropical & Subtropical Moist Broadleaf Forests,Indomalayan,CC-BY 4.0
247,Mindanao-Eastern Visayas rain forests,1,Tropical & Subtropical Moist Broadleaf Forests,Indomalayan,CC-BY 4.0
248,Mindoro rain forests,1,Tropical & Subtropical Moist Broadleaf Forests,Indomalayan,CC-BY 4.0
249,Mizoram-Manipur-Kachin rain forests,1,Tropical & Subtropical Moist Broadleaf Forests,Indomalayan,CC-BY 4.0
250,Myanmar coastal rain forests,1,Tropical & Subtropical Moist Broadleaf Forests,Indomalayan,CC-BY 4.0
251,Nansei Islands subtropical evergreen forests,1,Tropical & Subtropical Moist Broadleaf Forests,Indomalayan,CC-BY 4.0
252,Nicobar Islands rain forests,1,Tropical & Subtropical Moist Broadleaf Forests,Indomalayan,CC-BY 4.0
253,North Western Ghats moist deciduous forests,1,Tropical & Subtropical Moist Broadleaf Forests,Indomalayan,CC-BY 4.0
254,North Western Ghats montane rain forests,1,Tropical & Subtropical Moist Broadleaf Forests,Indomalayan,CC-BY 4.0
255,Northern Annamites rain forests,1,Tropical & Subtropical Moist Broadleaf Forests,Indomalayan,CC-BY 4.0
256,Northern Indochina subtropical forests,1,Tropical & Subtropical Moist Broadleaf Forests,Indomalayan,CC-BY 4.0
257,Northern Khorat Plateau moist deciduous forests,1,Tropical & Subtropical Moist Broadleaf Forests,Indomalayan,CC-BY 4.0
258,Northern Thailand-Laos moist deciduous forests,1,Tropical & Subtropical Moist Broadleaf Forests,Indomalayan,CC-BY 4.0
259,Northern Triangle subtropical forests,1,Tropical & Subtropical Moist Broadleaf Forests,Indomalayan,CC-BY 4.0
260,Northern Vietnam lowland rain forests,1,Tropical & Subtropical Moist Broadleaf Forests,Indomalayan,CC-BY 4.0
261,Orissa semi-evergreen forests,1,Tropical & Subtropical Moist Broadleaf Forests,Indomalayan,CC-BY 4.0
262,Palawan rain forests,1,Tropical & Subtropical Moist Broadleaf Forests,Indomalayan,CC-BY 4.0
263,Peninsular Malaysian montane rain forests,1,Tropical & Subtropical Moist Broadleaf Forests,Indomalayan,CC-BY 4.0
264,Peninsular Malaysian peat swamp forests,1,Tropical & Subtropical Moist Broadleaf Forests,Indomalayan,CC-BY 4.0
265,Peninsular Malaysian rain forests,1,Tropical & Subtropical Moist Broadleaf Forests,Indomalayan,CC-BY 4.0
266,Red River freshwater swamp forests,1,Tropical & Subtropical Moist Broadleaf Forests,Indomalayan,CC-BY 4.0
267,South China Sea Islands,1,Tropical & Subtropical Moist Broadleaf Forests,Indomalayan,CC-BY 4.0
268,South China-Vietnam subtropical evergreen forests,1,Tropical & Subtropical Moist Broadleaf Forests,Indomalayan,CC-BY 4.0
269,South Taiwan monsoon rain forests,1,Tropical & Subtropical Moist Broadleaf Forests,Indomalayan,CC-BY 4.0
270,South Western Ghats moist deciduous forests,1,Tropical & Subtropical Moist Broadleaf Forests,Indomalayan,CC-BY 4.0
271,South Western Ghats montane rain forests,1,Tropical & Subtropical Moist Broadleaf Forests,Indomalayan,CC-BY 4.0
272,Southern Annamites montane rain forests,1,Tropical & Subtropical Moist Broadleaf Forests,Indomalayan,CC-BY 4.0
273,Southwest Borneo freshwater swamp forests,1,Tropical & Subtropical Moist Broadleaf Forests,Indomalayan,CC-BY 4.0
274,Sri Lanka lowland rain forests,1,Tropical & Subtropical Moist Broadleaf Forests,Indomalayan,CC-BY 4.0
275,Sri Lanka montane rain forests,1,Tropical & Subtropical Moist Broadleaf Forests,Indomalayan,CC-BY 4.0
276,Sulu Archipelago rain forests,1,Tropical & Subtropical Moist Broadleaf Forests,Indomalayan,CC-BY 4.0
277,Sumatran freshwater swamp forests,1,Tropical & Subtropical Moist Broadleaf Forests,Indomalayan,CC-BY 4.0
278,Sumatran lowland rain forests,1,Tropical & Subtropical Moist Broadleaf Forests,Indomalayan,CC-BY 4.0
279,Sumatran montane rain forests,1,Tropical & Subtropical Moist Broadleaf Forests,Indomalayan,CC-BY 4.0
280,Sumatran peat swamp forests,1,Tropical & Subtropical Moist Broadleaf Forests,Indomalayan,CC-BY 4.0
281,Sundaland heath forests,1,Tropical & Subtropical Moist Broadleaf Forests,Indomalayan,CC-BY 4.0
282,Sundarbans freshwater swamp forests,1,Tropical & Subtropical Moist Broadleaf Forests,Indomalayan,CC-BY 4.0
283,Taiwan subtropical evergreen forests,1,Tropical & Subtropical Moist Broadleaf Forests,Indomalayan,CC-BY 4.0
284,Tenasserim-South Thailand semi-evergreen rain forests,1,Tropical & Subtropical Moist Broadleaf Forests,Indomalayan,CC-BY 4.0
285,Tonle Sap freshwater swamp forests,1,Tropical & Subtropical Moist Broadleaf Forests,Indomalayan,CC-BY 4.0
286,Tonle Sap-Mekong peat swamp forests,1,Tropical & Subtropical Moist Broadleaf Forests,Indomalayan,CC-BY 4.0
287,Upper Gangetic Plains moist deciduous forests,1,Tropical & Subtropical Moist Broadleaf Forests,Indomalayan,CC-BY 4.0
288,Western Java montane rain forests,1,Tropical & Subtropical Moist Broadleaf Forests,Indomalayan,CC-BY 4.0
289,Western Java rain forests,1,Tropical & Subtropical Moist Broadleaf Forests,Indomalayan,CC-BY 4.0
290,Central Deccan Plateau dry deciduous forests,2,Tropical & Subtropical Dry Broadleaf Forests,Indomalayan,CC-BY 4.0
291,Central Indochina dry forests,2,Tropical & Subtropical Dry Broadleaf Forests,Indomalayan,CC-BY 4.0
292,Chhota-Nagpur dry deciduous forests,2,Tropical & Subtropical Dry Broadleaf Forests,Indomalayan,CC-BY 4.0
293,East Deccan dry-evergreen forests,2,Tropical & Subtropical Dry Broadleaf Forests,Indomalayan,CC-BY 4.0
294,Irrawaddy dry forests,2,Tropical & Subtropical Dry Broadleaf Forests,Indomalayan,CC-BY 4.0
295,Khathiar-Gir dry deciduous forests,2,Tropical & Subtropical Dry Broadleaf Forests,Indomalayan,CC-BY 4.0
296,Narmada Valley dry deciduous forests,2,Tropical & Subtropical Dry Broadleaf Forests,Indomalayan,CC-BY 4.0
297,North Deccan dry deciduous forests,2,Tropical & Subtropical Dry Broadleaf Forests,Indomalayan,CC-BY 4.0
298,South Deccan Plateau dry deciduous forests,2,Tropical & Subtropical Dry Broadleaf Forests,Indomalayan,CC-BY 4.0
299,Southeast Indochina dry evergreen forests,2,Tropical & Subtropical Dry Broadleaf Forests,Indomalayan,CC-BY 4.0
300,Southern Vietnam lowland dry forests,2,Tropical & Subtropical Dry Broadleaf Forests,Indomalayan,CC-BY 4.0
301,Sri Lanka dry-zone dry evergreen forests,2,Tropical & Subtropical Dry Broadleaf Forests,Indomalayan,CC-BY 4.0
302,Himalayan subtropical pine forests,3,Tropical & Subtropical Coniferous Forests,Indomalayan,CC-BY 4.0
303,Luzon tropical pine forests,3,Tropical & Subtropical Coniferous Forests,Indomalayan,CC-BY 4.0
304,Northeast India-Myanmar pine forests,3,Tropical & Subtropical Coniferous Forests,Indomalayan,CC-BY 4.0
305,Sumatran tropical pine forests,3,Tropical & Subtropical Coniferous Forests,Indomalayan,CC-BY 4.0
306,Eastern Himalayan broadleaf forests,4,Temperate Broadleaf & Mixed Forests,Indomalayan,CC-BY 4.0
307,Northern Triangle temperate forests,4,Temperate Broadleaf & Mixed Forests,Indomalayan,CC-BY 4.0
308,Western Himalayan broadleaf forests,4,Temperate Broadleaf & Mixed Forests,Indomalayan,CC-BY 4.0
309,Eastern Himalayan subalpine conifer forests,5,Temperate Conifer Forests,Indomalayan,CC-BY 4.0
310,Western Himalayan subalpine conifer forests,5,Temperate Conifer Forests,Indomalayan,CC-BY 4.0
311,Terai-Duar savanna and grasslands,7,"Tropical & Subtropical Grasslands, Savannas & Shrublands",Indomalayan,CC-BY 4.0
312,Rann of Kutch seasonal salt marsh,9,Flooded Grasslands & Savannas,Indomalayan,CC-BY 4.0
313,Kinabalu montane alpine meadows,10,Montane Grasslands & Shrublands,Indomalayan,CC-BY 4.0
314,Aravalli west thorn scrub forests,13,Deserts & Xeric Shrublands,Indomalayan,CC-BY 4.0
315,Deccan thorn scrub forests,13,Deserts & Xeric Shrublands,Indomalayan,CC-BY 4.0
316,Godavari-Krishna mangroves,13,Deserts & Xeric Shrublands,Indomalayan,CC-BY 4.0
317,Indus Valley desert,13,Deserts & Xeric Shrublands,Indomalayan,CC-BY 4.0
318,Thar desert,13,Deserts & Xeric Shrublands,Indomalayan,CC-BY 4.0
319,Indochina mangroves,14,Mangroves,Indomalayan,CC-BY 4.0
320,Indus River Delta-Arabian Sea mangroves,14,Mangroves,Indomalayan,CC-BY 4.0
321,Myanmar Coast mangroves,14,Mangroves,Indomalayan,CC-BY 4.0
322,Sunda Shelf mangroves,14,Mangroves,Indomalayan,CC-BY 4.0
323,Sundarbans mangroves,14,Mangroves,Indomalayan,CC-BY 4.0
324,Sonoran-Sinaloan subtropical dry forest,2,Tropical & Subtropical Dry Broadleaf Forests,Nearctic,CC-BY 4.0
325,Bermuda subtropical conifer forests,3,Tropical & Subtropical Coniferous Forests,Nearctic,CC-BY 4.0
326,Sierra Madre Occidental pine-oak forests,3,Tropical & Subtropical Coniferous Forests,Nearctic,CC-BY 4.0
327,Sierra Madre Oriental pine-oak forests,3,Tropical & Subtropical Coniferous Forests,Nearctic,CC-BY 4.0
328,Allegheny Highlands forests,4,Temperate Broadleaf & Mixed Forests,Nearctic,CC-BY 4.0
329,Appalachian mixed mesophytic forests,4,Temperate Broadleaf & Mixed Forests,Nearctic,CC-BY 4.0
330,Appalachian Piedmont forests,4,Temperate Broadleaf & Mixed Forests,Nearctic,CC-BY 4.0
331,Appalachian-Blue Ridge forests,4,Temperate Broadleaf & Mixed Forests,Nearctic,CC-BY 4.0
332,East Central Texas forests,4,Temperate Broadleaf & Mixed Forests,Nearctic,CC-BY 4.0
333,Eastern Canadian Forest-Boreal transition,4,Temperate Broadleaf & Mixed Forests,Nearctic,CC-BY 4.0
334,Eastern Great Lakes lowland forests,4,Temperate Broadleaf & Mixed Forests,Nearctic,CC-BY 4.0
335,Gulf of St. Lawrence lowland forests,4,Temperate Broadleaf & Mixed Forests,Nearctic,CC-BY 4.0
336,Interior Plateau US Hardwood Forests,4,Temperate Broadleaf & Mixed Forests,Nearctic,CC-BY 4.0
337,Mississippi lowland forests,4,Temperate Broadleaf & Mixed Forests,Nearctic,CC-BY 4.0
338,New England-Acadian forests,4,Temperate Broadleaf & Mixed Forests,Nearctic,CC-BY 4.0
339,Northeast US Coastal forests,4,Temperate Broadleaf & Mixed Forests,Nearctic,CC-BY 4.0
340,Ozark Highlands mixed forests,4,Temperate Broadleaf & Mixed Forests,Nearctic,CC-BY 4.0
341,Ozark Mountain forests,4,Temperate Broadleaf & Mixed Forests,Nearctic,CC-BY 4.0
342,Southern Great Lakes forests,4,Temperate Broadleaf & Mixed Forests,Nearctic,CC-BY 4.0
343,Upper Midwest US forest-savanna transition,4,Temperate Broadleaf & Mixed Forests,Nearctic,CC-BY 4.0
344,Western Great Lakes forests,4,Temperate Broadleaf & Mixed Forests,Nearctic,CC-BY 4.0
345,Alberta-British Columbia foothills forests,5,Temperate Conifer Forests,Nearctic,CC-BY 4.0
346,Arizona Mountains forests,5,Temperate Conifer Forests,Nearctic,CC-BY 4.0
347,Atlantic coastal pine barrens,5,Temperate Conifer Forests,Nearctic,CC-BY 4.0
348,Blue Mountains forests,5,Temperate Conifer Forests,Nearctic,CC-BY 4.0
349,British Columbia coastal conifer forests,5,Temperate Conifer Forests,Nearctic,CC-BY 4.0
350,Central British Columbia Mountain forests,5,Temperate Conifer Forests,Nearctic,CC-BY 4.0
351,Central Pacific Northwest coastal forests,5,Temperate Conifer Forests,Nearctic,CC-BY 4.0
352,Central-Southern Cascades Forests,5,Temperate Conifer Forests,Nearctic,CC-BY 4.0
353,Colorado Rockies forests,5,Temperate Conifer Forests,Nearctic,CC-BY 4.0
354,Eastern Cascades forests,5,Temperate Conifer Forests,Nearctic,CC-BY 4.0
355,Fraser Plateau and Basin conifer forests,5,Temperate Conifer Forests,Nearctic,CC-BY 4.0
356,Great Basin montane forests,5,Temperate Conifer Forests,Nearctic,CC-BY 4.0
357,Klamath-Siskiyou forests,5,Temperate Conifer Forests,Nearctic,CC-BY 4.0
358,North Cascades conifer forests,5,Temperate Conifer Forests,Nearctic,CC-BY 4.0
359,Northern California coastal forests,5,Temperate Conifer Forests,Nearctic,CC-BY 4.0
360,Northern Pacific Alaskan coastal forests,5,Temperate Conifer Forests,Nearctic,CC-BY 4.0
361,Northern Rockies conifer forests,5,Temperate Conifer Forests,Nearctic,CC-BY 4.0
362,Okanogan dry forests,5,Temperate Conifer Forests,Nearctic,CC-BY 4.0
363,Piney Woods,5,Temperate Conifer Forests,Nearctic,CC-BY 4.0
364,Puget lowland forests,5,Temperate Conifer Forests,Nearctic,CC-BY 4.0
365,Queen Charlotte Islands conifer forests,5,Temperate Conifer Forests,Nearctic,CC-BY 4.0
366,Sierra Nevada forests,5,Temperate Conifer Forests,Nearctic,CC-BY 4.0
367,South Central Rockies forests,5,Temperate Conifer Forests,Nearctic,CC-BY 4.0
368,Wasatch and Uinta montane forests,5,Temperate Conifer Forests,Nearctic,CC-BY 4.0
369,Alaska Peninsula montane taiga,6,Boreal Forests/Taiga,Nearctic,CC-BY 4.0
370,Central Canadian Shield forests,6,Boreal Forests/Taiga,Nearctic,CC-BY 4.0
371,Cook Inlet taiga,6,Boreal Forests/Taiga,Nearctic,CC-BY 4.0
372,Copper Plateau taiga,6,Boreal Forests/Taiga,Nearctic,CC-BY 4.0
373,Eastern Canadian forests,6,Boreal Forests/Taiga,Nearctic,CC-BY 4.0
374,Eastern Canadian Shield taiga,6,Boreal Forests/Taiga,Nearctic,CC-BY 4.0
375,Interior Alaska-Yukon lowland taiga,6,Boreal Forests/Taiga,Nearctic,CC-BY 4.0
376,Mid-Canada Boreal Plains forests,6,Boreal Forests/Taiga,Nearctic,CC-BY 4.0
377,Midwest Canadian Shield forests,6,Boreal Forests/Taiga,Nearctic,CC-BY 4.0
378,Muskwa-Slave Lake taiga,6,Boreal Forests/Taiga,Nearctic,CC-BY 4.0
379,Northern Canadian Shield taiga,6,Boreal Forests/Taiga,Nearctic,CC-BY 4.0
380,Northern Cordillera forests,6,Boreal Forests/Taiga,Nearctic,CC-BY 4.0
381,Northwest Territories taiga,6,Boreal Forests/Taiga,Nearctic,CC-BY 4.0
382,Southern Hudson Bay taiga,6,Boreal Forests/Taiga,Nearctic,CC-BY 4.0
383,Watson Highlands taiga,6,Boreal Forests/Taiga,Nearctic,CC-BY 4.0
384,Western Gulf coastal grasslands,7,"Tropical & Subtropical Grasslands, Savannas & Shrublands",Nearctic,CC-BY 4.0
385,California Central Valley grasslands,8,"Temperate Grasslands, Savannas & Shrublands",Nearctic,CC-BY 4.0
386,Canadian Aspen forests and parklands,8,"Temperate Grasslands, Savannas & Shrublands",Nearctic,CC-BY 4.0
387,Central US forest-grasslands transition,8,"Temperate Grasslands, Savannas & Shrublands",Nearctic,CC-BY 4.0
388,Central Tallgrass prairie,8,"Temperate Grasslands, Savannas & Shrublands",Nearctic,CC-BY 4.0
389,Central-Southern US mixed grasslands,8,"Temperate Grasslands, Savannas & Shrublands",Nearctic,CC-BY 4.0
390,Cross-Timbers savanna-woodland,8,"Temperate Grasslands, Savannas & Shrublands",Nearctic,CC-BY 4.0
391,Edwards Plateau savanna,8,"Temperate Grasslands, Savannas & Shrublands",Nearctic,CC-BY 4.0
392,Flint Hills tallgrass prairie,8,"Temperate Grasslands, Savannas & Shrublands",Nearctic,CC-BY 4.0
393,Mid-Atlantic US coastal savannas,8,"Temperate Grasslands, Savannas & Shrublands",Nearctic,CC-BY 4.0
394,Montana Valley and Foothill grasslands,8,"Temperate Grasslands, Savannas & Shrublands",Nearctic,CC-BY 4.0
395,Nebraska Sand Hills mixed grasslands,8,"Temperate Grasslands, Savannas & Shrublands",Nearctic,CC-BY 4.0
396,Northern Shortgrass prairie,8,"Temperate Grasslands, Savannas & Shrublands",Nearctic,CC-BY 4.0
397,Northern Tallgrass prairie,8,"Temperate Grasslands, Savannas & Shrublands",Nearctic,CC-BY 4.0
398,Palouse prairie,8,"Temperate Grasslands, Savannas & Shrublands",Nearctic,CC-BY 4.0
399,Southeast US conifer savannas,8,"Temperate Grasslands, Savannas & Shrublands",Nearctic,CC-BY 4.0
400,Southeast US mixed woodlands and savannas,8,"Temperate Grasslands, Savannas & Shrublands",Nearctic,CC-BY 4.0
401,Texas blackland prairies,8,"Temperate Grasslands, Savannas & Shrublands",Nearctic,CC-BY 4.0
402,Western shortgrass prairie,8,"Temperate Grasslands, Savannas & Shrublands",Nearctic,CC-BY 4.0
403,Willamette Valley oak savanna,8,"Temperate Grasslands, Savannas & Shrublands",Nearctic,CC-BY 4.0
404,Ahklun and Kilbuck Upland Tundra,11,Tundra,Nearctic,CC-BY 4.0
405,Alaska-St. Elias Range tundra,11,Tundra,Nearctic,CC-BY 4.0
406,Aleutian Islands tundra,11,Tundra,Nearctic,CC-BY 4.0
407,Arctic coastal tundra,11,Tundra,Nearctic,CC-BY 4.0
408,Arctic foothills tundra,11,Tundra,Nearctic,CC-BY 4.0
409,Beringia lowland tundra,11,Tundra,Nearctic,CC-BY 4.0
410,Beringia upland tundra,11,Tundra,Nearctic,CC-BY 4.0
411,Brooks-British Range tundra,11,Tundra,Nearctic,CC-BY 4.0
412,Canadian High Arctic tundra,11,Tundra,Nearctic,CC-BY 4.0
413,Canadian Low Arctic tundra,11,Tundra,Nearctic,CC-BY 4.0
414,Canadian Middle Arctic Tundra,11,Tundra,Nearctic,CC-BY 4.0
415,Davis Highlands tundra,11,Tundra,Nearctic,CC-BY 4.0
416,Interior Yukon-Alaska alpine tundra,11,Tundra,Nearctic,CC-BY 4.0
417,Kalaallit Nunaat Arctic steppe,11,Tundra,Nearctic,CC-BY 4.0
418,Kalaallit Nunaat High Arctic tundra,11,Tundra,Nearctic,CC-BY 4.0
419,Ogilvie-MacKenzie alpine tundra,11,Tundra,Nearctic,CC-BY 4.0
420,Pacific Coastal Mountain icefields and tundra,11,Tundra,Nearctic,CC-BY 4.0
421,Torngat Mountain tundra,11,Tundra,Nearctic,CC-BY 4.0
422,California coastal sage and chaparral,12,"Mediterranean Forests, Woodlands & Scrub",Nearctic,CC-BY 4.0
423,California interior chaparral and woodlands,12,"Mediterranean Forests, Woodlands & Scrub",Nearctic,CC-BY 4.0
424,California montane chaparral and woodlands,12,"Mediterranean Forests, Woodlands & Scrub",Nearctic,CC-BY 4.0
425,Santa Lucia Montane Chaparral & Woodlands,12,"Mediterranean Forests, Woodlands & Scrub",Nearctic,CC-BY 4.0
426,Baja California desert,13,Deserts & Xeric Shrublands,Nearctic,CC-BY 4.0
427,Central Mexican matorral,13,Deserts & Xeric Shrublands,Nearctic,CC-BY 4.0
428,Chihuahuan desert,13,Deserts & Xeric Shrublands,Nearctic,CC-BY 4.0
429,Colorado Plateau shrublands,13,Deserts & Xeric Shrublands,Nearctic,CC-BY 4.0
430,Great Basin shrub steppe,13,Deserts & Xeric Shrublands,Nearctic,CC-BY 4.0
431,Gulf of California xeric scrub,13,Deserts & Xeric Shrublands,Nearctic,CC-BY 4.0
432,Meseta Central matorral,13,Deserts & Xeric Shrublands,Nearctic,CC-BY 4.0
433,Mojave desert,13,Deserts & Xeric Shrublands,Nearctic,CC-BY 4.0
434,Snake-Columbia shrub steppe,13,Deserts & Xeric Shrublands,Nearctic,CC-BY 4.0
435,Sonoran desert,13,Deserts & Xeric Shrublands,Nearctic,CC-BY 4.0
436,Tamaulipan matorral,13,Deserts & Xeric Shrublands,Nearctic,CC-BY 4.0
437,Tamaulipan mezquital,13,Deserts & Xeric Shrublands,Nearctic,CC-BY 4.0
438,Wyoming Basin shrub steppe,13,Deserts & Xeric Shrublands,Nearctic,CC-BY 4.0
439,Alto Paraná Atlantic forests,1,Tropical & Subtropical Moist Broadleaf Forests,Neotropic,CC-BY 4.0
440,Araucaria moist forests,1,Tropical & Subtropical Moist Broadleaf Forests,Neotropic,CC-BY 4.0
441,Atlantic Coast restingas,1,Tropical & Subtropical Moist Broadleaf Forests,Neotropic,CC-BY 4.0
442,Bahia coastal forests,1,Tropical & Subtropical Moist Broadleaf Forests,Neotropic,CC-BY 4.0
443,Bahia interior forests,1,Tropical & Subtropical Moist Broadleaf Forests,Neotropic,CC-BY 4.0
444,Bolivian Yungas,1,Tropical & Subtropical Moist Broadleaf Forests,Neotropic,CC-BY 4.0
445,Caatinga Enclaves moist forests,1,Tropical & Subtropical Moist Broadleaf Forests,Neotropic,CC-BY 4.0
446,Caqueta moist forests,1,Tropical & Subtropical Moist Broadleaf Forests,Neotropic,CC-BY 4.0
447,Catatumbo moist forests,1,Tropical & Subtropical Moist Broadleaf Forests,Neotropic,CC-BY 4.0
448,Cauca Valley montane forests,1,Tropical & Subtropical Moist Broadleaf Forests,Neotropic,CC-BY 4.0
449,Cayos Miskitos-San Andrés and Providencia moist forests,1,Tropical & Subtropical Moist Broadleaf Forests,Neotropic,CC-BY 4.0
450,Central American Atlantic moist forests,1,Tropical & Subtropical Moist Broadleaf Forests,Neotropic,CC-BY 4.0
451,Central American montane forests,1,Tropical & Subtropical Moist Broadleaf Forests,Neotropic,CC-BY 4.0
452,Chiapas montane forests,1,Tropical & Subtropical Moist Broadleaf Forests,Neotropic,CC-BY 4.0
453,Chimalapas montane forests,1,Tropical & Subtropical Moist Broadleaf Forests,Neotropic,CC-BY 4.0
454,Chocó-Darién moist forests,1,Tropical & Subtropical Moist Broadleaf Forests,Neotropic,CC-BY 4.0
455,Cocos Island moist forests,1,Tropical & Subtropical Moist Broadleaf Forests,Neotropic,CC-BY 4.0
456,Cordillera La Costa montane forests,1,Tropical & Subtropical Moist Broadleaf Forests,Neotropic,CC-BY 4.0
457,Cordillera Oriental montane forests,1,Tropical & Subtropical Moist Broadleaf Forests,Neotropic,CC-BY 4.0
458,Costa Rican seasonal moist forests,1,Tropical & Subtropical Moist Broadleaf Forests,Neotropic,CC-BY 4.0
459,Cuban moist forests,1,Tropical & Subtropical Moist Broadleaf Forests,Neotropic,CC-BY 4.0
460,Eastern Cordillera Real montane forests,1,Tropical & Subtropical Moist Broadleaf Forests,Neotropic,CC-BY 4.0
461,Eastern Panamanian montane forests,1,Tropical & Subtropical Moist Broadleaf Forests,Neotropic,CC-BY 4.0
462,Fernando de Noronha-Atol das Rocas moist forests,1,Tropical & Subtropical Moist Broadleaf Forests,Neotropic,CC-BY 4.0
463,Guianan freshwater swamp forests,1,Tropical & Subtropical Moist Broadleaf Forests,Neotropic,CC-BY 4.0
464,Guianan Highlands moist forests,1,Tropical & Subtropical Moist Broadleaf Forests,Neotropic,CC-BY 4.0
465,Guianan lowland moist forests,1,Tropical & Subtropical Moist Broadleaf Forests,Neotropic,CC-BY 4.0
466,Guianan piedmont moist forests,1,Tropical & Subtropical Moist Broadleaf Forests,Neotropic,CC-BY 4.0
467,Gurupa várzea,1,Tropical & Subtropical Moist Broadleaf Forests,Neotropic,CC-BY 4.0
468,Hispaniolan moist forests,1,Tropical & Subtropical Moist Broadleaf Forests,Neotropic,CC-BY 4.0
469,Iquitos várzea,1,Tropical & Subtropical Moist Broadleaf Forests,Neotropic,CC-BY 4.0
470,Isthmian-Atlantic moist forests,1,Tropical & Subtropical Moist Broadleaf Forests,Neotropic,CC-BY 4.0
471,Isthmian-Pacific moist forests,1,Tropical & Subtropical Moist Broadleaf Forests,Neotropic,CC-BY 4.0
472,Jamaican moist forests,1,Tropical & Subtropical Moist Broadleaf Forests,Neotropic,CC-BY 4.0
473,Japurá-Solimões-Negro moist forests,1,Tropical & Subtropical Moist Broadleaf Forests,Neotropic,CC-BY 4.0
474,Juruá-Purus moist forests,1,Tropical & Subtropical Moist Broadleaf Forests,Neotropic,CC-BY 4.0
475,Leeward Islands moist forests,1,Tropical & Subtropical Moist Broadleaf Forests,Neotropic,CC-BY 4.0
476,Madeira-Tapajós moist forests,1,Tropical & Subtropical Moist Broadleaf Forests,Neotropic,CC-BY 4.0
477,Magdalena Valley montane forests,1,Tropical & Subtropical Moist Broadleaf Forests,Neotropic,CC-BY 4.0
478,Magdalena-Urabá moist forests,1,Tropical & Subtropical Moist Broadleaf Forests,Neotropic,CC-BY 4.0
479,Marañón dry forests,1,Tropical & Subtropical Moist Broadleaf Forests,Neotropic,CC-BY 4.0
480,Marajó várzea,1,Tropical & Subtropical Moist Broadleaf Forests,Neotropic,CC-BY 4.0
481,Mato Grosso tropical dry forests,1,Tropical & Subtropical Moist Broadleaf Forests,Neotropic,CC-BY 4.0
482,Monte Alegre várzea,1,Tropical & Subtropical Moist Broadleaf Forests,Neotropic,CC-BY 4.0
483,Napo moist forests,1,Tropical & Subtropical Moist Broadleaf Forests,Neotropic,CC-BY 4.0
484,Negro-Branco moist forests,1,Tropical & Subtropical Moist Broadleaf Forests,Neotropic,CC-BY 4.0
485,Northeast Brazil restingas,1,Tropical & Subtropical Moist Broadleaf Forests,Neotropic,CC-BY 4.0
486,Northwest Andean montane forests,1,Tropical & Subtropical Moist Broadleaf Forests,Neotropic,CC-BY 4.0
487,Oaxacan montane forests,1,Tropical & Subtropical Moist Broadleaf Forests,Neotropic,CC-BY 4.0
488,Orinoco Delta swamp forests,1,Tropical & Subtropical Moist Broadleaf Forests,Neotropic,CC-BY 4.0
489,Pantanos de Centla,1,Tropical & Subtropical Moist Broadleaf Forests,Neotropic,CC-BY 4.0
490,Pantepui forests & shrublands,1,Tropical & Subtropical Moist Broadleaf Forests,Neotropic,CC-BY 4.0
491,Pernambuco coastal forests,1,Tropical & Subtropical Moist Broadleaf Forests,Neotropic,CC-BY 4.0
492,Pernambuco interior forests,1,Tropical & Subtropical Moist Broadleaf Forests,Neotropic,CC-BY 4.0
493,Peruvian Yungas,1,Tropical & Subtropical Moist Broadleaf Forests,Neotropic,CC-BY 4.0
494,Petén-Veracruz moist forests,1,Tropical & Subtropical Moist Broadleaf Forests,Neotropic,CC-BY 4.0
495,Puerto Rican moist forests,1,Tropical & Subtropical Moist Broadleaf Forests,Neotropic,CC-BY 4.0
496,Purus várzea,1,Tropical & Subtropical Moist Broadleaf Forests,Neotropic,CC-BY 4.0
497,Purus-Madeira moist forests,1,Tropical & Subtropical Moist Broadleaf Forests,Neotropic,CC-BY 4.0
498,Rio Negro campinarana,1,Tropical & Subtropical Moist Broadleaf Forests,Neotropic,CC-BY 4.0
499,Santa Marta montane forests,1,Tropical & Subtropical Moist Broadleaf Forests,Neotropic,CC-BY 4.0
500,Serra do Mar coastal forests,1,Tropical & Subtropical Moist Broadleaf Forests,Neotropic,CC-BY 4.0
501,Sierra de los Tuxtlas,1,Tropical & Subtropical Moist Broadleaf Forests,Neotropic,CC-BY 4.0
502,Sierra Madre de Chiapas moist forests,1,Tropical & Subtropical Moist Broadleaf Forests,Neotropic,CC-BY 4.0
503,Solimões-Japurá moist forests,1,Tropical & Subtropical Moist Broadleaf Forests,Neotropic,CC-BY 4.0
504,Southern Andean Yungas,1,Tropical & Subtropical Moist Broadleaf Forests,Neotropic,CC-BY 4.0
505,Southwest Amazon moist forests,1,Tropical & Subtropical Moist Broadleaf Forests,Neotropic,CC-BY 4.0
506,Talamancan montane forests,1,Tropical & Subtropical Moist Broadleaf Forests,Neotropic,CC-BY 4.0
507,Tapajós-Xingu moist forests,1,Tropical & Subtropical Moist Broadleaf Forests,Neotropic,CC-BY 4.0
508,Tocantins/Pindare moist forests,1,Tropical & Subtropical Moist Broadleaf Forests,Neotropic,CC-BY 4.0
509,Trindade-Martin Vaz Islands tropical forests,1,Tropical & Subtropical Moist Broadleaf Forests,Neotropic,CC-BY 4.0
510,Trinidad and Tobago moist forest,1,Tropical & Subtropical Moist Broadleaf Forests,Neotropic,CC-BY 4.0
511,Uatumã-Trombetas moist forests,1,Tropical & Subtropical Moist Broadleaf Forests,Neotropic,CC-BY 4.0
512,Ucayali moist forests,1,Tropical & Subtropical Moist Broadleaf Forests,Neotropic,CC-BY 4.0
513,Venezuelan Andes montane forests,1,Tropical & Subtropical Moist Broadleaf Forests,Neotropic,CC-BY 4.0
514,Veracruz moist forests,1,Tropical & Subtropical Moist Broadleaf Forests,Neotropic,CC-BY 4.0
515,Veracruz montane forests,1,Tropical & Subtropical Moist Broadleaf Forests,Neotropic,CC-BY 4.0
516,Western Ecuador moist forests,1,Tropical & Subtropical Moist Broadleaf Forests,Neotropic,CC-BY 4.0
517,Windward Islands moist forests,1,Tropical & Subtropical Moist Broadleaf Forests,Neotropic,CC-BY 4.0
518,Xingu-Tocantins-Araguaia moist forests,1,Tropical & Subtropical Moist Broadleaf Forests,Neotropic,CC-BY 4.0
519,Yucatán moist forests,1,Tropical & Subtropical Moist Broadleaf Forests,Neotropic,CC-BY 4.0
520,Apure-Villavicencio dry forests,2,Tropical & Subtropical Dry Broadleaf Forests,Neotropic,CC-BY 4.0
521,Bajío dry forests,2,Tropical & Subtropical Dry Broadleaf Forests,Neotropic,CC-BY 4.0
522,Balsas dry forests,2,Tropical & Subtropical Dry Broadleaf Forests,Neotropic,CC-BY 4.0
523,Bolivian montane dry forests,2,Tropical & Subtropical Dry Broadleaf Forests,Neotropic,CC-BY 4.0
524,Brazilian Atlantic dry forests,2,Tropical & Subtropical Dry Broadleaf Forests,Neotropic,CC-BY 4.0
525,Caatinga,2,Tropical & Subtropical Dry Broadleaf Forests,Neotropic,CC-BY 4.0
526,Cauca Valley dry forests,2,Tropical & Subtropical Dry Broadleaf Forests,Neotropic,CC-BY 4.0
527,Central American dry forests,2,Tropical & Subtropical Dry Broadleaf Forests,Neotropic,CC-BY 4.0
528,Chiapas Depression dry forests,2,Tropical & Subtropical Dry Broadleaf Forests,Neotropic,CC-BY 4.0
529,Chiquitano dry forests,2,Tropical & Subtropical Dry Broadleaf Forests,Neotropic,CC-BY 4.0
530,Cuban dry forests,2,Tropical & Subtropical Dry Broadleaf Forests,Neotropic,CC-BY 4.0
531,Ecuadorian dry forests,2,Tropical & Subtropical Dry Broadleaf Forests,Neotropic,CC-BY 4.0
532,Hispaniolan dry forests,2,Tropical & Subtropical Dry Broadleaf Forests,Neotropic,CC-BY 4.0
533,Islas Revillagigedo dry forests,2,Tropical & Subtropical Dry Broadleaf Forests,Neotropic,CC-BY 4.0
534,Jalisco dry forests,2,Tropical & Subtropical Dry Broadleaf Forests,Neotropic,CC-BY 4.0
535,Jamaican dry forests,2,Tropical & Subtropical Dry Broadleaf Forests,Neotropic,CC-BY 4.0
536,Lara-Falcón dry forests,2,Tropical & Subtropical Dry Broadleaf Forests,Neotropic,CC-BY 4.0
537,Lesser Antillean dry forests,2,Tropical & Subtropical Dry Broadleaf Forests,Neotropic,CC-BY 4.0
538,Magdalena Valley dry forests,2,Tropical & Subtropical Dry Broadleaf Forests,Neotropic,CC-BY 4.0
539,Maracaibo dry forests,2,Tropical & Subtropical Dry Broadleaf Forests,Neotropic,CC-BY 4.0
540,Maranhão Babaçu forests,2,Tropical & Subtropical Dry Broadleaf Forests,Neotropic,CC-BY 4.0
541,Panamanian dry forests,2,Tropical & Subtropical Dry Broadleaf Forests,Neotropic,CC-BY 4.0
542,Patía valley dry forests,2,Tropical & Subtropical Dry Broadleaf Forests,Neotropic,CC-BY 4.0
543,Puerto Rican dry forests,2,Tropical & Subtropical Dry Broadleaf Forests,Neotropic,CC-BY 4.0
544,Sierra de la Laguna dry forests,2,Tropical & Subtropical Dry Broadleaf Forests,Neotropic,CC-BY 4.0
545,Sinaloan dry forests,2,Tropical & Subtropical Dry Broadleaf Forests,Neotropic,CC-BY 4.0
546,Sinú Valley dry forests,2,Tropical & Subtropical Dry Broadleaf Forests,Neotropic,CC-BY 4.0
547,Southern Pacific dry forests,2,Tropical & Subtropical Dry Broadleaf Forests,Neotropic,CC-BY 4.0
548,Trinidad and Tobago dry forest,2,Tropical & Subtropical Dry Broadleaf Forests,Neotropic,CC-BY 4.0
549,Tumbes-Piura dry forests,2,Tropical & Subtropical Dry Broadleaf Forests,Neotropic,CC-BY 4.0
550,Veracruz dry forests,2,Tropical & Subtropical Dry Broadleaf Forests,Neotropic,CC-BY 4.0
551,Yucatán dry forests,2,Tropical & Subtropical Dry Broadleaf Forests,Neotropic,CC-BY 4.0
552,Bahamian pineyards,3,Tropical & Subtropical Coniferous Forests,Neotropic,CC-BY 4.0
553,Central American pine-oak forests,3,Tropical & Subtropical Coniferous Forests,Neotropic,CC-BY 4.0
554,Cuban pine forests,3,Tropical & Subtropical Coniferous Forests,Neotropic,CC-BY 4.0
555,Hispaniolan pine forests,3,Tropical & Subtropical Coniferous Forests,Neotropic,CC-BY 4.0
556,Sierra de la Laguna pine-oak forests,3,Tropical & Subtropical Coniferous Forests,Neotropic,CC-BY 4.0
557,Sierra Madre de Oaxaca pine-oak forests,3,Tropical & Subtropical Coniferous Forests,Neotropic,CC-BY 4.0
558,Sierra Madre del Sur pine-oak forests,3,Tropical & Subtropical Coniferous Forests,Neotropic,CC-BY 4.0
559,Trans-Mexican Volcanic Belt pine-oak forests,3,Tropical & Subtropical Coniferous Forests,Neotropic,CC-BY 4.0
560,Juan Fernández Islands temperate forests,4,Temperate Broadleaf & Mixed Forests,Neotropic,CC-BY 4.0
561,Magellanic subpolar forests,4,Temperate Broadleaf & Mixed Forests,Neotropic,CC-BY 4.0
562,San Félix-San Ambrosio Islands temperate forests,4,Temperate Broadleaf & Mixed Forests,Neotropic,CC-BY 4.0
563,Valdivian temperate forests,4,Temperate Broadleaf & Mixed Forests,Neotropic,CC-BY 4.0
564,Belizian pine savannas,7,"Tropical & Subtropical Grasslands, Savannas & Shrublands",Neotropic,CC-BY 4.0
565,Beni savanna,7,"Tropical & Subtropical Grasslands, Savannas & Shrublands",Neotropic,CC-BY 4.0
566,Campos Rupestres montane savanna,7,"Tropical & Subtropical Grasslands, Savannas & Shrublands",Neotropic,CC-BY 4.0
567,Cerrado,7,"Tropical & Subtropical Grasslands, Savannas & Shrublands",Neotropic,CC-BY 4.0
568,Clipperton Island shrub and grasslands,7,"Tropical & Subtropical Grasslands, Savannas & Shrublands",Neotropic,CC-BY 4.0
569,Dry Chaco,7,"Tropical & Subtropical Grasslands, Savannas & Shrublands",Neotropic,CC-BY 4.0
570,Guianan savanna,7,"Tropical & Subtropical Grasslands, Savannas & Shrublands",Neotropic,CC-BY 4.0
571,Humid Chaco,7,"Tropical & Subtropical Grasslands, Savannas & Shrublands",Neotropic,CC-BY 4.0
572,Llanos,7,"Tropical & Subtropical Grasslands, Savannas & Shrublands",Neotropic,CC-BY 4.0
573,Miskito pine forests,7,"Tropical & Subtropical Grasslands, Savannas & Shrublands",Neotropic,CC-BY 4.0
574,Uruguayan savanna,7,"Tropical & Subtropical Grasslands, Savannas & Shrublands",Neotropic,CC-BY 4.0
575,Espinal,8,"Temperate Grasslands, Savannas & Shrublands",Neotropic,CC-BY 4.0
576,Humid Pampas,8,"Temperate Grasslands, Savannas & Shrublands",Neotropic,CC-BY 4.0
577,Low Monte,8,"Temperate Grasslands, Savannas & Shrublands",Neotropic,CC-BY 4.0
578,Patagonian steppe,8,"Temperate Grasslands, Savannas & Shrublands",Neotropic,CC-BY 4.0
579,Cuban wetlands,9,Flooded Grasslands & Savannas,Neotropic,CC-BY 4.0
580,Enriquillo wetlands,9,Flooded Grasslands & Savannas,Neotropic,CC-BY 4.0
581,Everglades flooded grasslands,9,Flooded Grasslands & Savannas,Neotropic,CC-BY 4.0
582,Guayaquil flooded grasslands,9,Flooded Grasslands & Savannas,Neotropic,CC-BY 4.0
583,Orinoco wetlands,9,Flooded Grasslands & Savannas,Neotropic,CC-BY 4.0
584,Pantanal,9,Flooded Grasslands & Savannas,Neotropic,CC-BY 4.0
585,Paraná flooded savanna,9,Flooded Grasslands & Savannas,Neotropic,CC-BY 4.0
586,Southern Cone Mesopotamian savanna,9,Flooded Grasslands & Savannas,Neotropic,CC-BY 4.0
587,Central Andean dry puna,10,Montane Grasslands & Shrublands,Neotropic,CC-BY 4.0
588,Central Andean puna,10,Montane Grasslands & Shrublands,Neotropic,CC-BY 4.0
589,Central Andean wet puna,10,Montane Grasslands & Shrublands,Neotropic,CC-BY 4.0
590,Cordillera Central páramo,10,Montane Grasslands & Shrublands,Neotropic,CC-BY 4.0
591,Cordillera de Merida páramo,10,Montane Grasslands & Shrublands,Neotropic,CC-BY 4.0
592,High Monte,10,Montane Grasslands & Shrublands,Neotropic,CC-BY 4.0
593,Northern Andean páramo,10,Montane Grasslands & Shrublands,Neotropic,CC-BY 4.0
594,Santa Marta páramo,10,Montane Grasslands & Shrublands,Neotropic,CC-BY 4.0
595,Southern Andean steppe,10,Montane Grasslands & Shrublands,Neotropic,CC-BY 4.0
596,Chilean Matorral,12,"Mediterranean Forests, Woodlands & Scrub",Neotropic,CC-BY 4.0
597,Araya and Paria xeric scrub,13,Deserts & Xeric Shrublands,Neotropic,CC-BY 4.0
598,Atacama desert,13,Deserts & Xeric Shrublands,Neotropic,CC-BY 4.0
599,Caribbean shrublands,13,Deserts & Xeric Shrublands,Neotropic,CC-BY 4.0
600,Cuban cactus scrub,13,Deserts & Xeric Shrublands,Neotropic,CC-BY 4.0
601,Galápagos Islands xeric scrub,13,Deserts & Xeric Shrublands,Neotropic,CC-BY 4.0
602,Guajira-Barranquilla xeric scrub,13,Deserts & Xeric Shrublands,Neotropic,CC-BY 4.0
603,La Costa xeric shrublands,13,Deserts & Xeric Shrublands,Neotropic,CC-BY 4.0
604,Malpelo Island xeric scrub,13,Deserts & Xeric Shrublands,Neotropic,CC-BY 4.0
605,Motagua Valley thornscrub,13,Deserts & Xeric Shrublands,Neotropic,CC-BY 4.0
606,Paraguaná xeric scrub,13,Deserts & Xeric Shrublands,Neotropic,CC-BY 4.0
607,San Lucan xeric scrub,13,Deserts & Xeric Shrublands,Neotropic,CC-BY 4.0
608,Sechura desert,13,Deserts & Xeric Shrublands,Neotropic,CC-BY 4.0
609,St. Peter and St. Paul Rocks,13,Deserts & Xeric Shrublands,Neotropic,CC-BY 4.0
610,Tehuacán Valley matorral,13,Deserts & Xeric Shrublands,Neotropic,CC-BY 4.0
611,Amazon-Orinoco-Southern Caribbean mangroves,14,Mangroves,Neotropic,CC-BY 4.0
612,Bahamian-Antillean mangroves,14,Mangroves,Neotropic,CC-BY 4.0
613,Mesoamerican Gulf-Caribbean mangroves,14,Mangroves,Neotropic,CC-BY 4.0
614,Northern Mesoamerican Pacific mangroves,14,Mangroves,Neotropic,CC-BY 4.0
615,South American Pacific mangroves,14,Mangroves,Neotropic,CC-BY 4.0
616,Southern Atlantic Brazilian mangroves,14,Mangroves,Neotropic,CC-BY 4.0
617,Southern Mesoamerican Pacific mangroves,14,Mangroves,Neotropic,CC-BY 4.0
618,Carolines tropical moist forests,1,Tropical & Subtropical Moist Broadleaf Forests,Oceania,CC-BY 4.0
619,Central Polynesian tropical moist forests,1,Tropical & Subtropical Moist Broadleaf Forests,Oceania,CC-BY 4.0
620,Cook Islands tropical moist forests,1,Tropical & Subtropical Moist Broadleaf Forests,Oceania,CC-BY 4.0
621,Eastern Micronesia tropical moist forests,1,Tropical & Subtropical Moist Broadleaf Forests,Oceania,CC-BY 4.0
622,Fiji tropical moist forests,1,Tropical & Subtropical Moist Broadleaf Forests,Oceania,CC-BY 4.0
623,Hawai'i tropical moist forests,1,Tropical & Subtropical Moist Broadleaf Forests,Oceania,CC-BY 4.0
624,Kermadec Islands subtropical moist forests,1,Tropical & Subtropical Moist Broadleaf Forests,Oceania,CC-BY 4.0
625,Marquesas tropical moist forests,1,Tropical & Subtropical Moist Broadleaf Forests,Oceania,CC-BY 4.0
626,Ogasawara subtropical moist forests,1,Tropical & Subtropical Moist Broadleaf Forests,Oceania,CC-BY 4.0
627,Palau tropical moist forests,1,Tropical & Subtropical Moist Broadleaf Forests,Oceania,CC-BY 4.0
628,Rapa Nui and Sala y Gómez subtropical forests,1,Tropical & Subtropical Moist Broadleaf Forests,Oceania,CC-BY 4.0
629,Samoan tropical moist forests,1,Tropical & Subtropical Moist Broadleaf Forests,Oceania,CC-BY 4.0
630,Society Islands tropical moist forests,1,Tropical & Subtropical Moist Broadleaf Forests,Oceania,CC-BY 4.0
631,Tongan tropical moist forests,1,Tropical & Subtropical Moist Broadleaf Forests,Oceania,CC-BY 4.0
632,Tuamotu tropical moist forests,1,Tropical & Subtropical Moist Broadleaf Forests,Oceania,CC-BY 4.0
633,Tubuai tropical moist forests,1,Tropical & Subtropical Moist Broadleaf Forests,Oceania,CC-BY 4.0
634,Western Polynesian tropical moist forests,1,Tropical & Subtropical Moist Broadleaf Forests,Oceania,CC-BY 4.0
635,Fiji tropical dry forests,2,Tropical & Subtropical Dry Broadleaf Forests,Oceania,CC-BY 4.0
636,Hawai'i tropical dry forests,2,Tropical & Subtropical Dry Broadleaf Forests,Oceania,CC-BY 4.0
637,Marianas tropical dry forests,2,Tropical & Subtropical Dry Broadleaf Forests,Oceania,CC-BY 4.0
638,Yap tropical dry forests,2,Tropical & Subtropical Dry Broadleaf Forests,Oceania,CC-BY 4.0
639,Hawai'i tropical high shrublands,7,"Tropical & Subtropical Grasslands, Savannas & Shrublands",Oceania,CC-BY 4.0
640,Hawai'i tropical low shrublands,7,"Tropical & Subtropical Grasslands, Savannas & Shrublands",Oceania,CC-BY 4.0
641,Northwest Hawai'i scrub,7,"Tropical & Subtropical Grasslands, Savannas & Shrublands",Oceania,CC-BY 4.0
642,Guizhou Plateau broadleaf and mixed forests,1,Tropical & Subtropical Moist Broadleaf Forests,Palearctic,CC-BY 4.0
643,Yunnan Plateau subtropical evergreen forests,1,Tropical & Subtropical Moist Broadleaf Forests,Palearctic,CC-BY 4.0
644,Appenine deciduous montane forests,4,Temperate Broadleaf & Mixed Forests,Palearctic,CC-BY 4.0
645,Azores temperate mixed forests,4,Temperate Broadleaf & Mixed Forests,Palearctic,CC-BY 4.0
646,Balkan mixed forests,4,Temperate Broadleaf & Mixed Forests,Palearctic,CC-BY 4.0
647,Baltic mixed forests,4,Temperate Broadleaf & Mixed Forests,Palearctic,CC-BY 4.0
648,Cantabrian mixed forests,4,Temperate Broadleaf & Mixed Forests,Palearctic,CC-BY 4.0
649,Caspian Hyrcanian mixed forests,4,Temperate Broadleaf & Mixed Forests,Palearctic,CC-BY 4.0
650,Caucasus mixed forests,4,Temperate Broadleaf & Mixed Forests,Palearctic,CC-BY 4.0
651,Celtic broadleaf forests,4,Temperate Broadleaf & Mixed Forests,Palearctic,CC-BY 4.0
652,Central Anatolian steppe and woodlands,4,Temperate Broadleaf & Mixed Forests,Palearctic,CC-BY 4.0
653,Central China Loess Plateau mixed forests,4,Temperate Broadleaf & Mixed Forests,Palearctic,CC-BY 4.0
654,Central European mixed forests,4,Temperate Broadleaf & Mixed Forests,Palearctic,CC-BY 4.0
655,Central Korean deciduous forests,4,Temperate Broadleaf & Mixed Forests,Palearctic,CC-BY 4.0
656,Changbai Mountains mixed forests,4,Temperate Broadleaf & Mixed Forests,Palearctic,CC-BY 4.0
657,Changjiang Plain evergreen forests,4,Temperate Broadleaf & Mixed Forests,Palearctic,CC-BY 4.0
658,Crimean Submediterranean forest complex,4,Temperate Broadleaf & Mixed Forests,Palearctic,CC-BY 4.0
659,Daba Mountains evergreen forests,4,Temperate Broadleaf & Mixed Forests,Palearctic,CC-BY 4.0
660,Dinaric Mountains mixed forests,4,Temperate Broadleaf & Mixed Forests,Palearctic,CC-BY 4.0
661,East European forest steppe,4,Temperate Broadleaf & Mixed Forests,Palearctic,CC-BY 4.0
662,Eastern Anatolian deciduous forests,4,Temperate Broadleaf & Mixed Forests,Palearctic,CC-BY 4.0
663,English Lowlands beech forests,4,Temperate Broadleaf & Mixed Forests,Palearctic,CC-BY 4.0
664,European Atlantic mixed forests,4,Temperate Broadleaf & Mixed Forests,Palearctic,CC-BY 4.0
665,Euxine-Colchic broadleaf forests,4,Temperate Broadleaf & Mixed Forests,Palearctic,CC-BY 4.0
666,Hokkaido deciduous forests,4,Temperate Broadleaf & Mixed Forests,Palearctic,CC-BY 4.0
667,Huang He Plain mixed forests,4,Temperate Broadleaf & Mixed Forests,Palearctic,CC-BY 4.0
668,Madeira evergreen forests,4,Temperate Broadleaf & Mixed Forests,Palearctic,CC-BY 4.0
669,Manchurian mixed forests,4,Temperate Broadleaf & Mixed Forests,Palearctic,CC-BY 4.0
670,Nihonkai evergreen forests,4,Temperate Broadleaf & Mixed Forests,Palearctic,CC-BY 4.0
671,Nihonkai montane deciduous forests,4,Temperate Broadleaf & Mixed Forests,Palearctic,CC-BY 4.0
672,North Atlantic moist mixed forests,4,Temperate Broadleaf & Mixed Forests,Palearctic,CC-BY 4.0
673,Northeast China Plain deciduous forests,4,Temperate Broadleaf & Mixed Forests,Palearctic,CC-BY 4.0
674,Pannonian mixed forests,4,Temperate Broadleaf & Mixed Forests,Palearctic,CC-BY 4.0
675,Po Basin mixed forests,4,Temperate Broadleaf & Mixed Forests,Palearctic,CC-BY 4.0
676,Pyrenees conifer and mixed forests,4,Temperate Broadleaf & Mixed Forests,Palearctic,CC-BY 4.0
677,Qin Ling Mountains deciduous forests,4,Temperate Broadleaf & Mixed Forests,Palearctic,CC-BY 4.0
678,Rodope montane mixed forests,4,Temperate Broadleaf & Mixed Forests,Palearctic,CC-BY 4.0
679,Sarmatic mixed forests,4,Temperate Broadleaf & Mixed Forests,Palearctic,CC-BY 4.0
680,Sichuan Basin evergreen broadleaf forests,4,Temperate Broadleaf & Mixed Forests,Palearctic,CC-BY 4.0
681,Southern Korea evergreen forests,4,Temperate Broadleaf & Mixed Forests,Palearctic,CC-BY 4.0
682,Taiheiyo evergreen forests,4,Temperate Broadleaf & Mixed Forests,Palearctic,CC-BY 4.0
683,Taiheiyo montane deciduous forests,4,Temperate Broadleaf & Mixed Forests,Palearctic,CC-BY 4.0
684,Tarim Basin deciduous forests and steppe,4,Temperate Broadleaf & Mixed Forests,Palearctic,CC-BY 4.0
685,Ussuri broadleaf and mixed forests,4,Temperate Broadleaf & Mixed Forests,Palearctic,CC-BY 4.0
686,Western European broadleaf forests,4,Temperate Broadleaf & Mixed Forests,Palearctic,CC-BY 4.0
687,Western Siberian hemiboreal forests,4,Temperate Broadleaf & Mixed Forests,Palearctic,CC-BY 4.0
688,Zagros Mountains forest steppe,4,Temperate Broadleaf & Mixed Forests,Palearctic,CC-BY 4.0
689,Alps conifer and mixed forests,5,Temperate Conifer Forests,Palearctic,CC-BY 4.0
690,Altai montane forest and forest steppe,5,Temperate Conifer Forests,Palearctic,CC-BY 4.0
691,Caledon conifer forests,5,Temperate Conifer Forests,Palearctic,CC-BY 4.0
692,Carpathian montane forests,5,Temperate Conifer Forests,Palearctic,CC-BY 4.0
693,Da Hinggan-Dzhagdy Mountains conifer forests,5,Temperate Conifer Forests,Palearctic,CC-BY 4.0
694,East Afghan montane conifer forests,5,Temperate Conifer Forests,Palearctic,CC-BY 4.0
695,Elburz Range forest steppe,5,Temperate Conifer Forests,Palearctic,CC-BY 4.0
696,Helanshan montane conifer forests,5,Temperate Conifer Forests,Palearctic,CC-BY 4.0
697,Hengduan Mountains subalpine conifer forests,5,Temperate Conifer Forests,Palearctic,CC-BY 4.0
698,Hokkaido montane conifer forests,5,Temperate Conifer Forests,Palearctic,CC-BY 4.0
699,Honshu alpine conifer forests,5,Temperate Conifer Forests,Palearctic,CC-BY 4.0
700,Khangai Mountains conifer forests,5,Temperate Conifer Forests,Palearctic,CC-BY 4.0
701,Mediterranean conifer and mixed forests,5,Temperate Conifer Forests,Palearctic,CC-BY 4.0
702,Northeast Himalayan subalpine conifer forests,5,Temperate Conifer Forests,Palearctic,CC-BY 4.0
703,Northern Anatolian conifer and deciduous forests,5,Temperate Conifer Forests,Palearctic,CC-BY 4.0
704,Nujiang Langcang Gorge alpine conifer and mixed forests,5,Temperate Conifer Forests,Palearctic,CC-BY 4.0
705,Qilian Mountains conifer forests,5,Temperate Conifer Forests,Palearctic,CC-BY 4.0
706,Qionglai-Minshan conifer forests,5,Temperate Conifer Forests,Palearctic,CC-BY 4.0
707,Sayan montane conifer forests,5,Temperate Conifer Forests,Palearctic,CC-BY 4.0
708,Scandinavian coastal conifer forests,5,Temperate Conifer Forests,Palearctic,CC-BY 4.0
709,Tian Shan montane conifer forests,5,Temperate Conifer Forests,Palearctic,CC-BY 4.0
710,East Siberian taiga,6,Boreal Forests/Taiga,Palearctic,CC-BY 4.0
711,Iceland boreal birch forests and alpine tundra,6,Boreal Forests/Taiga,Palearctic,CC-BY 4.0
712,Kamchatka taiga,6,Boreal Forests/Taiga,Palearctic,CC-BY 4.0
713,Kamchatka-Kurile meadows and sparse forests,6,Boreal Forests/Taiga,Palearctic,CC-BY 4.0
714,Northeast Siberian taiga,6,Boreal Forests/Taiga,Palearctic,CC-BY 4.0
715,Okhotsk-Manchurian taiga,6,Boreal Forests/Taiga,Palearctic,CC-BY 4.0
716,Sakhalin Island taiga,6,Boreal Forests/Taiga,Palearctic,CC-BY 4.0
717,Scandinavian and Russian taiga,6,Boreal Forests/Taiga,Palearctic,CC-BY 4.0
718,Trans-Baikal conifer forests,6,Boreal Forests/Taiga,Palearctic,CC-BY 4.0
719,Urals montane forest and taiga,6,Boreal Forests/Taiga,Palearctic,CC-BY 4.0
720,West Siberian taiga,6,Boreal Forests/Taiga,Palearctic,CC-BY 4.0
721,Alai-Western Tian Shan steppe,8,"Temperate Grasslands, Savannas & Shrublands",Palearctic,CC-BY 4.0
722,Al-Hajar foothill xeric woodlands and shrublands,8,"Temperate Grasslands, Savannas & Shrublands",Palearctic,CC-BY 4.0
723,Al-Hajar montane woodlands and shrublands,8,"Temperate Grasslands, Savannas & Shrublands",Palearctic,CC-BY 4.0
724,Altai steppe and semi-desert,8,"Temperate Grasslands, Savannas & Shrublands",Palearctic,CC-BY 4.0
725,Central Anatolian steppe,8,"Temperate Grasslands, Savannas & Shrublands",Palearctic,CC-BY 4.0
726,Daurian forest steppe,8,"Temperate Grasslands, Savannas & Shrublands",Palearctic,CC-BY 4.0
727,Eastern Anatolian montane steppe,8,"Temperate Grasslands, Savannas & Shrublands",Palearctic,CC-BY 4.0
728,Emin Valley steppe,8,"Temperate Grasslands, Savannas & Shrublands",Palearctic,CC-BY 4.0
729,Faroe Islands boreal grasslands,8,"Temperate Grasslands, Savannas & Shrublands",Palearctic,CC-BY 4.0
730,Gissaro-Alai open woodlands,8,"Temperate Grasslands, Savannas & Shrublands",Palearctic,CC-BY 4.0
731,Kazakh forest steppe,8,"Temperate Grasslands, Savannas & Shrublands",Palearctic,CC-BY 4.0
732,Kazakh steppe,8,"Temperate Grasslands, Savannas & Shrublands",Palearctic,CC-BY 4.0
733,Kazakh upland steppe,8,"Temperate Grasslands, Savannas & Shrublands",Palearctic,CC-BY 4.0
734,Mongolian-Manchurian grassland,8,"Temperate Grasslands, Savannas & Shrublands",Palearctic,CC-BY 4.0
735,Pontic steppe,8,"Temperate Grasslands, Savannas & Shrublands",Palearctic,CC-BY 4.0
736,Sayan Intermontane steppe,8,"Temperate Grasslands, Savannas & Shrublands",Palearctic,CC-BY 4.0
737,Selenge-Orkhon forest steppe,8,"Temperate Grasslands, Savannas & Shrublands",Palearctic,CC-BY 4.0
738,South Siberian forest steppe,8,"Temperate Grasslands, Savannas & Shrublands",Palearctic,CC-BY 4.0
739,Syrian xeric grasslands and shrublands,8,"Temperate Grasslands, Savannas & Shrublands",Palearctic,CC-BY 4.0
740,Tian Shan foothill arid steppe,8,"Temperate Grasslands, Savannas & Shrublands",Palearctic,CC-BY 4.0
741,Amur meadow steppe,9,Flooded Grasslands & Savannas,Palearctic,CC-BY 4.0
742,Bohai Sea saline meadow,9,Flooded Grasslands & Savannas,Palearctic,CC-BY 4.0
743,Nenjiang River grassland,9,Flooded Grasslands & Savannas,Palearctic,CC-BY 4.0
744,Nile Delta flooded savanna,9,Flooded Grasslands & Savannas,Palearctic,CC-BY 4.0
745,Saharan halophytics,9,Flooded Grasslands & Savannas,Palearctic,CC-BY 4.0
746,Suiphun-Khanka meadows and forest meadows,9,Flooded Grasslands & Savannas,Palearctic,CC-BY 4.0
747,Tigris-Euphrates alluvial salt marsh,9,Flooded Grasslands & Savannas,Palearctic,CC-BY 4.0
748,Yellow Sea saline meadow,9,Flooded Grasslands & Savannas,Palearctic,CC-BY 4.0
749,Altai alpine meadow and tundra,10,Montane Grasslands & Shrublands,Palearctic,CC-BY 4.0
750,Central Tibetan Plateau alpine steppe,10,Montane Grasslands & Shrublands,Palearctic,CC-BY 4.0
751,Eastern Himalayan alpine shrub and meadows,10,Montane Grasslands & Shrublands,Palearctic,CC-BY 4.0
752,Ghorat-Hazarajat alpine meadow,10,Montane Grasslands & Shrublands,Palearctic,CC-BY 4.0
753,Hindu Kush alpine meadow,10,Montane Grasslands & Shrublands,Palearctic,CC-BY 4.0
754,Karakoram-West Tibetan Plateau alpine steppe,10,Montane Grasslands & Shrublands,Palearctic,CC-BY 4.0
755,Khangai Mountains alpine meadow,10,Montane Grasslands & Shrublands,Palearctic,CC-BY 4.0
756,Kopet Dag woodlands and forest steppe,10,Montane Grasslands & Shrublands,Palearctic,CC-BY 4.0
757,Kuh Rud and Eastern Iran montane woodlands,10,Montane Grasslands & Shrublands,Palearctic,CC-BY 4.0
758,Mediterranean High Atlas juniper steppe,10,Montane Grasslands & Shrublands,Palearctic,CC-BY 4.0
759,North Tibetan Plateau-Kunlun Mountains alpine desert,10,Montane Grasslands & Shrublands,Palearctic,CC-BY 4.0
760,Northwestern Himalayan alpine shrub and meadows,10,Montane Grasslands & Shrublands,Palearctic,CC-BY 4.0
761,Ordos Plateau steppe,10,Montane Grasslands & Shrublands,Palearctic,CC-BY 4.0
762,Pamir alpine desert and tundra,10,Montane Grasslands & Shrublands,Palearctic,CC-BY 4.0
763,Qilian Mountains subalpine meadows,10,Montane Grasslands & Shrublands,Palearctic,CC-BY 4.0
764,Sayan alpine meadows and tundra,10,Montane Grasslands & Shrublands,Palearctic,CC-BY 4.0
765,Southeast Tibet shrublands and meadows,10,Montane Grasslands & Shrublands,Palearctic,CC-BY 4.0
766,Sulaiman Range alpine meadows,10,Montane Grasslands & Shrublands,Palearctic,CC-BY 4.0
767,Tian Shan montane steppe and meadows,10,Montane Grasslands & Shrublands,Palearctic,CC-BY 4.0
768,Tibetan Plateau alpine shrublands and meadows,10,Montane Grasslands & Shrublands,Palearctic,CC-BY 4.0
769,Western Himalayan alpine shrub and meadows,10,Montane Grasslands & Shrublands,Palearctic,CC-BY 4.0
770,Yarlung Zanbo arid steppe,10,Montane Grasslands & Shrublands,Palearctic,CC-BY 4.0
771,Cherskii-Kolyma mountain tundra,11,Tundra,Palearctic,CC-BY 4.0
772,Chukchi Peninsula tundra,11,Tundra,Palearctic,CC-BY 4.0
773,Kamchatka tundra,11,Tundra,Palearctic,CC-BY 4.0
774,Kola Peninsula tundra,11,Tundra,Palearctic,CC-BY 4.0
775,Northeast Siberian coastal tundra,11,Tundra,Palearctic,CC-BY 4.0
776,Northwest Russian-Novaya Zemlya tundra,11,Tundra,Palearctic,CC-BY 4.0
777,Novosibirsk Islands Arctic desert,11,Tundra,Palearctic,CC-BY 4.0
778,Russian Arctic desert,11,Tundra,Palearctic,CC-BY 4.0
779,Russian Bering tundra,11,Tundra,Palearctic,CC-BY 4.0
780,Scandinavian Montane Birch forest and grasslands,11,Tundra,Palearctic,CC-BY 4.0
781,Taimyr-Central Siberian tundra,11,Tundra,Palearctic,CC-BY 4.0
782,Trans-Baikal Bald Mountain tundra,11,Tundra,Palearctic,CC-BY 4.0
783,Wrangel Island Arctic desert,11,Tundra,Palearctic,CC-BY 4.0
784,Yamal-Gydan tundra,11,Tundra,Palearctic,CC-BY 4.0
785,Aegean and Western Turkey sclerophyllous and mixed forests,12,"Mediterranean Forests, Woodlands & Scrub",Palearctic,CC-BY 4.0
786,Anatolian conifer and deciduous mixed forests,12,"Mediterranean Forests, Woodlands & Scrub",Palearctic,CC-BY 4.0
787,Canary Islands dry woodlands and forests,12,"Mediterranean Forests, Woodlands & Scrub",Palearctic,CC-BY 4.0
788,Corsican montane broadleaf and mixed forests,12,"Mediterranean Forests, Woodlands & Scrub",Palearctic,CC-BY 4.0
789,Crete Mediterranean forests,12,"Mediterranean Forests, Woodlands & Scrub",Palearctic,CC-BY 4.0
790,Cyprus Mediterranean forests,12,"Mediterranean Forests, Woodlands & Scrub",Palearctic,CC-BY 4.0
791,Eastern Mediterranean conifer-broadleaf forests,12,"Mediterranean Forests, Woodlands & Scrub",Palearctic,CC-BY 4.0
792,Iberian conifer forests,12,"Mediterranean Forests, Woodlands & Scrub",Palearctic,CC-BY 4.0
793,Iberian sclerophyllous and semi-deciduous forests,12,"Mediterranean Forests, Woodlands & Scrub",Palearctic,CC-BY 4.0
794,Illyrian deciduous forests,12,"Mediterranean Forests, Woodlands & Scrub",Palearctic,CC-BY 4.0
795,Italian sclerophyllous and semi-deciduous forests,12,"Mediterranean Forests, Woodlands & Scrub",Palearctic,CC-BY 4.0
796,Mediterranean Acacia-Argania dry woodlands and succulent thickets,12,"Mediterranean Forests, Woodlands & Scrub",Palearctic,CC-BY 4.0
797,Mediterranean dry woodlands and steppe,12,"Mediterranean Forests, Woodlands & Scrub",Palearctic,CC-BY 4.0
798,Mediterranean woodlands and forests,12,"Mediterranean Forests, Woodlands & Scrub",Palearctic,CC-BY 4.0
799,Northeast Spain and Southern France Mediterranean forests,12,"Mediterranean Forests, Woodlands & Scrub",Palearctic,CC-BY 4.0
800,Northwest Iberian montane forests,12,"Mediterranean Forests, Woodlands & Scrub",Palearctic,CC-BY 4.0
801,Pindus Mountains mixed forests,12,"Mediterranean Forests, Woodlands & Scrub",Palearctic,CC-BY 4.0
802,South Apennine mixed montane forests,12,"Mediterranean Forests, Woodlands & Scrub",Palearctic,CC-BY 4.0
803,Southeast Iberian shrubs and woodlands,12,"Mediterranean Forests, Woodlands & Scrub",Palearctic,CC-BY 4.0
804,Southern Anatolian montane conifer and deciduous forests,12,"Mediterranean Forests, Woodlands & Scrub",Palearctic,CC-BY 4.0
805,Southwest Iberian Mediterranean sclerophyllous and mixed forests,12,"Mediterranean Forests, Woodlands & Scrub",Palearctic,CC-BY 4.0
806,Tyrrhenian-Adriatic sclerophyllous and mixed forests,12,"Mediterranean Forests, Woodlands & Scrub",Palearctic,CC-BY 4.0
807,Afghan Mountains semi-desert,13,Deserts & Xeric Shrublands,Palearctic,CC-BY 4.0
808,Alashan Plateau semi-desert,13,Deserts & Xeric Shrublands,Palearctic,CC-BY 4.0
809,Arabian desert,13,Deserts & Xeric Shrublands,Palearctic,CC-BY 4.0
810,Arabian sand desert,13,Deserts & Xeric Shrublands,Palearctic,CC-BY 4.0
811,Arabian-Persian Gulf coastal plain desert,13,Deserts & Xeric Shrublands,Palearctic,CC-BY 4.0
812,Azerbaijan shrub desert and steppe,13,Deserts & Xeric Shrublands,Palearctic,CC-BY 4.0
813,Badghyz and Karabil semi-desert,13,Deserts & Xeric Shrublands,Palearctic,CC-BY 4.0
814,Baluchistan xeric woodlands,13,Deserts & Xeric Shrublands,Palearctic,CC-BY 4.0
815,Caspian lowland desert,13,Deserts & Xeric Shrublands,Palearctic,CC-BY 4.0
816,Central Afghan Mountains xeric woodlands,13,Deserts & Xeric Shrublands,Palearctic,CC-BY 4.0
817,Central Asian northern desert,13,Deserts & Xeric Shrublands,Palearctic,CC-BY 4.0
818,Central Asian riparian woodlands,13,Deserts & Xeric Shrublands,Palearctic,CC-BY 4.0
819,Central Asian southern desert,13,Deserts & Xeric Shrublands,Palearctic,CC-BY 4.0
820,Central Persian desert basins,13,Deserts & Xeric Shrublands,Palearctic,CC-BY 4.0
821,East Arabian fog shrublands and sand desert,13,Deserts & Xeric Shrublands,Palearctic,CC-BY 4.0
822,East Sahara Desert,13,Deserts & Xeric Shrublands,Palearctic,CC-BY 4.0
823,East Saharan montane xeric woodlands,13,Deserts & Xeric Shrublands,Palearctic,CC-BY 4.0
824,Eastern Gobi desert steppe,13,Deserts & Xeric Shrublands,Palearctic,CC-BY 4.0
825,Gobi Lakes Valley desert steppe,13,Deserts & Xeric Shrublands,Palearctic,CC-BY 4.0
826,Great Lakes Basin desert steppe,13,Deserts & Xeric Shrublands,Palearctic,CC-BY 4.0
827,Junggar Basin semi-desert,13,Deserts & Xeric Shrublands,Palearctic,CC-BY 4.0
828,Kazakh semi-desert,13,Deserts & Xeric Shrublands,Palearctic,CC-BY 4.0
829,Kopet Dag semi-desert,13,Deserts & Xeric Shrublands,Palearctic,CC-BY 4.0
830,Mesopotamian shrub desert,13,Deserts & Xeric Shrublands,Palearctic,CC-BY 4.0
831,North Arabian desert,13,Deserts & Xeric Shrublands,Palearctic,CC-BY 4.0
832,North Arabian highland shrublands,13,Deserts & Xeric Shrublands,Palearctic,CC-BY 4.0
833,North Saharan Xeric Steppe and Woodland,13,Deserts & Xeric Shrublands,Palearctic,CC-BY 4.0
834,Paropamisus xeric woodlands,13,Deserts & Xeric Shrublands,Palearctic,CC-BY 4.0
835,Qaidam Basin semi-desert,13,Deserts & Xeric Shrublands,Palearctic,CC-BY 4.0
836,Red Sea coastal desert,13,Deserts & Xeric Shrublands,Palearctic,CC-BY 4.0
837,Red Sea-Arabian Desert shrublands,13,Deserts & Xeric Shrublands,Palearctic,CC-BY 4.0
838,Registan-North Pakistan sandy desert,13,Deserts & Xeric Shrublands,Palearctic,CC-BY 4.0
839,Saharan Atlantic coastal desert,13,Deserts & Xeric Shrublands,Palearctic,CC-BY 4.0
840,South Arabian plains and plateau desert,13,Deserts & Xeric Shrublands,Palearctic,CC-BY 4.0
841,South Iran Nubo-Sindian desert and semi-desert,13,Deserts & Xeric Shrublands,Palearctic,CC-BY 4.0
842,South Sahara desert,13,Deserts & Xeric Shrublands,Palearctic,CC-BY 4.0
843,Taklimakan desert,13,Deserts & Xeric Shrublands,Palearctic,CC-BY 4.0
844,Tibesti-Jebel Uweinat montane xeric woodlands,13,Deserts & Xeric Shrublands,Palearctic,CC-BY 4.0
845,West Sahara desert,13,Deserts & Xeric Shrublands,Palearctic,CC-BY 4.0
846,West Saharan montane xeric woodlands,13,Deserts & Xeric Shrublands,Palearctic,CC-BY 4.0
